Player,Event,Stage,Gameweek,Pickcount,PickPct
something,2025 Champions,Champions,1,1053,100.0
CHICHOO,2025 Champions,Champions,1,876,83.19
nephh,2025 Champions,Champions,1,833,79.11
nAts,2025 Champions,Champions,1,742,70.47
JonahP,2025 Champions,Champions,1,706,67.05
s0m,2025 Champions,Champions,1,662,62.87
Boaster,2025 Champions,Champions,1,646,61.35
valyn,2025 Champions,Champions,1,551,52.33
DH,2025 Champions,Champions,1,529,50.24
xffero,2025 Champions,Champions,1,526,49.95
Keiko,2025 Champions,Champions,1,521,49.48
PatMen,2025 Champions,Champions,1,485,46.06
brawk,2025 Champions,Champions,1,475,45.11
paTiTek,2025 Champions,Champions,1,469,44.54
Jinggg,2025 Champions,Champions,1,442,41.98
f0rsakeN,2025 Champions,Champions,1,442,41.98
Verno,2025 Champions,Champions,1,441,41.88
crazyguy,2025 Champions,Champions,1,429,40.74
Chronicle,2025 Champions,Champions,1,409,38.84
crashies,2025 Champions,Champions,1,397,37.7
trexx,2025 Champions,Champions,1,383,36.37
grubinho,2025 Champions,Champions,1,378,35.9
Kushy,2025 Champions,Champions,1,378,35.9
Flickless,2025 Champions,Champions,1,371,35.23
Ethan,2025 Champions,Champions,1,370,35.14
Boo,2025 Champions,Champions,1,352,33.43
bang,2025 Champions,Champions,1,343,32.57
rushia,2025 Champions,Champions,1,340,32.29
benjyfishy,2025 Champions,Champions,1,337,32.0
kamo,2025 Champions,Champions,1,330,31.34
skuba,2025 Champions,Champions,1,309,29.34
stax,2025 Champions,Champions,1,303,28.77
Monyet,2025 Champions,Champions,1,302,28.68
whzy,2025 Champions,Champions,1,292,27.73
westside,2025 Champions,Champions,1,287,27.26
zekken,2025 Champions,Champions,1,283,26.88
xenom,2025 Champions,Champions,1,281,26.69
MaKo,2025 Champions,Champions,1,273,25.93
Zellsis,2025 Champions,Champions,1,270,25.64
ara,2025 Champions,Champions,1,266,25.26
Cloud,2025 Champions,Champions,1,254,24.12
Levius,2025 Champions,Champions,1,249,23.65
Estrella,2025 Champions,Champions,1,240,22.79
leaf,2025 Champions,Champions,1,223,21.18
trent,2025 Champions,Champions,1,220,20.89
d4v41,2025 Champions,Champions,1,218,20.7
mada,2025 Champions,Champions,1,217,20.61
N4RRATE,2025 Champions,Champions,1,207,19.66
free1ng,2025 Champions,Champions,1,200,18.99
Smoggy,2025 Champions,Champions,1,188,17.85
aspas,2025 Champions,Champions,1,186,17.66
johnqt,2025 Champions,Champions,1,186,17.66
coconut,2025 Champions,Champions,1,174,16.52
kaajak,2025 Champions,Champions,1,172,16.33
Alfajer,2025 Champions,Champions,1,167,15.86
Jemkin,2025 Champions,Champions,1,159,15.1
cortezia,2025 Champions,Champions,1,157,14.91
Flashback,2025 Champions,Champions,1,153,14.53
artzin,2025 Champions,Champions,1,150,14.25
iZu,2025 Champions,Champions,1,150,14.25
Viva,2025 Champions,Champions,1,131,12.44
jawgemo,2025 Champions,Champions,1,125,11.87
Knight,2025 Champions,Champions,1,114,10.83
HYUNMIN,2025 Champions,Champions,1,100,9.5
ZmjjKK,2025 Champions,Champions,1,97,9.21
RieNs,2025 Champions,Champions,1,91,8.64
Jieni7,2025 Champions,Champions,1,87,8.26
nobody,2025 Champions,Champions,1,85,8.07
BuZz,2025 Champions,Champions,1,80,7.6
Meteor,2025 Champions,Champions,1,79,7.5
SpiritZ1,2025 Champions,Champions,1,75,7.12
happywei,2025 Champions,Champions,1,73,6.93
Wo0t,2025 Champions,Champions,1,66,6.27
Nicc,2025 Champions,Champions,1,59,5.6
Flex1n,2025 Champions,Champions,1,56,5.32
vo0kashu,2025 Champions,Champions,1,56,5.32
MiniBoo,2025 Champions,Champions,1,47,4.46
Akeman,2025 Champions,Champions,1,43,4.08
Rarga,2025 Champions,Champions,1,37,3.51
NoMan,2025 Champions,Champions,1,31,2.94
Sato,2025 Champions,Champions,1,5,0.47
XuNa,2025 Champions,Champions,1,4,0.38
RosÃ©,2025 Champions,Champions,1,3,0.28
nerve,2025 Champions,Champions,1,3,0.28
Eggsterr,2025 Champions,Champions,1,3,0.28
Munchkin,2025 Champions,Champions,1,2,0.19
Karon,2025 Champions,Champions,1,2,0.19
BerserX,2025 Champions,Champions,1,2,0.19
Derke,2025 Champions,Champions,1,2,0.19
BABYBAY,2025 Champions,Champions,1,2,0.19
sociablEE,2025 Champions,Champions,1,2,0.19
C0M,2025 Champions,Champions,1,2,0.19
Autumn,2025 Champions,Champions,1,2,0.19
Rossy,2025 Champions,Champions,1,2,0.19
keznit,2025 Champions,Champions,1,1,0.09
t3xture,2025 Champions,Champions,1,1,0.09
Loita,2025 Champions,Champions,1,1,0.09
Caedye,2025 Champions,Champions,1,1,0.09
mwzera,2025 Champions,Champions,1,1,0.09
ZynX,2025 Champions,Champions,1,1,0.09
Crewen,2025 Champions,Champions,1,1,0.09
spike,2025 Champions,Champions,1,1,0.09
marteen,2025 Champions,Champions,1,1,0.09
Shao,2025 Champions,Champions,1,1,0.09
blowz,2025 Champions,Champions,1,1,0.09
PROFEK,2025 Champions,Champions,1,1,0.09
Sylvan,2025 Champions,Champions,1,1,0.09
Jamppi,2025 Champions,Champions,1,1,0.09
Avez,2025 Champions,Champions,1,1,0.09
LewN,2025 Champions,Champions,1,1,0.09
silentzz,2025 Champions,Champions,1,1,0.09
Ruxic,2025 Champions,Champions,1,1,0.09
tex,2025 Champions,Champions,1,1,0.09
v1c,2025 Champions,Champions,1,1,0.09
ComeBack,2025 Champions,Champions,1,1,0.09
penny,2025 Champions,Champions,1,1,0.09
Xeppaa,2025 Champions,Champions,1,1,0.09
KROSTALY,2025 Champions,Champions,1,1,0.09
eeiu,2025 Champions,Champions,1,1,0.09
Killua,2025 Champions,Champions,1,1,0.09
GLYPH,2025 Champions,Champions,1,1,0.09
Okeanos,2025 Champions,Champions,1,1,0.09
Less,2025 Champions,Champions,1,1,0.09
SyouTa,2025 Champions,Champions,1,1,0.09
Veqaj,2025 Champions,Champions,1,1,0.09
invy,2025 Champions,Champions,1,1,0.09
kiNgg,2025 Champions,Champions,1,1,0.09
audaz,2025 Champions,Champions,1,1,0.09
TenTen,2025 Champions,Champions,1,1,0.09
lukxo,2025 Champions,Champions,1,1,0.09
Leviathan,2025 Champions,Champions,1,1,0.09
Demon1,2025 Champions,Champions,1,1,0.09
alym,2025 Champions,Champions,1,1,0.09
Dantedeu5,2025 Champions,Champions,1,1,0.09
wayne,2025 Champions,Champions,1,1,0.09
something,2025 Champions,Champions,2,1109,100.0
Flashback,2025 Champions,Champions,2,970,87.47
Verno,2025 Champions,Champions,2,741,66.82
benjyfishy,2025 Champions,Champions,2,632,56.99
MaKo,2025 Champions,Champions,2,572,51.58
Boaster,2025 Champions,Champions,2,566,51.04
s0m,2025 Champions,Champions,2,561,50.59
Chronicle,2025 Champions,Champions,2,516,46.53
valyn,2025 Champions,Champions,2,507,45.72
Cloud,2025 Champions,Champions,2,440,39.68
skuba,2025 Champions,Champions,2,432,38.95
JonahP,2025 Champions,Champions,2,402,36.25
f0rsakeN,2025 Champions,Champions,2,397,35.8
aspas,2025 Champions,Champions,2,390,35.17
artzin,2025 Champions,Champions,2,368,33.18
RieNs,2025 Champions,Champions,2,362,32.64
ara,2025 Champions,Champions,2,360,32.46
brawk,2025 Champions,Champions,2,325,29.31
crashies,2025 Champions,Champions,2,319,28.76
Boo,2025 Champions,Champions,2,318,28.67
Jinggg,2025 Champions,Champions,2,313,28.22
PatMen,2025 Champions,Champions,2,312,28.13
Ethan,2025 Champions,Champions,2,289,26.06
grubinho,2025 Champions,Champions,2,276,24.89
xenom,2025 Champions,Champions,2,255,22.99
westside,2025 Champions,Champions,2,247,22.27
mada,2025 Champions,Champions,2,229,20.65
Flickless,2025 Champions,Champions,2,205,18.49
cortezia,2025 Champions,Champions,2,181,16.32
trent,2025 Champions,Champions,2,176,15.87
leaf,2025 Champions,Champions,2,164,14.79
d4v41,2025 Champions,Champions,2,162,14.61
free1ng,2025 Champions,Champions,2,157,14.16
Alfajer,2025 Champions,Champions,2,152,13.71
nephh,2025 Champions,Champions,2,151,13.62
Estrella,2025 Champions,Champions,2,122,11.0
Wo0t,2025 Champions,Champions,2,113,10.19
HYUNMIN,2025 Champions,Champions,2,97,8.75
MiniBoo,2025 Champions,Champions,2,90,8.12
jawgemo,2025 Champions,Champions,2,85,7.66
CHICHOO,2025 Champions,Champions,2,76,6.85
kaajak,2025 Champions,Champions,2,68,6.13
DH,2025 Champions,Champions,2,54,4.87
Kushy,2025 Champions,Champions,2,52,4.69
crazyguy,2025 Champions,Champions,2,51,4.6
stax,2025 Champions,Champions,2,41,3.7
Levius,2025 Champions,Champions,2,40,3.61
xffero,2025 Champions,Champions,2,34,3.07
Viva,2025 Champions,Champions,2,29,2.61
coconut,2025 Champions,Champions,2,27,2.43
paTiTek,2025 Champions,Champions,2,22,1.98
rushia,2025 Champions,Champions,2,21,1.89
Smoggy,2025 Champions,Champions,2,17,1.53
johnqt,2025 Champions,Champions,2,16,1.44
Monyet,2025 Champions,Champions,2,14,1.26
nAts,2025 Champions,Champions,2,13,1.17
happywei,2025 Champions,Champions,2,11,0.99
bang,2025 Champions,Champions,2,11,0.99
Zellsis,2025 Champions,Champions,2,10,0.9
Knight,2025 Champions,Champions,2,10,0.9
Nicc,2025 Champions,Champions,2,10,0.9
Keiko,2025 Champions,Champions,2,10,0.9
NoMan,2025 Champions,Champions,2,8,0.72
nobody,2025 Champions,Champions,2,8,0.72
Flex1n,2025 Champions,Champions,2,8,0.72
Jieni7,2025 Champions,Champions,2,8,0.72
zekken,2025 Champions,Champions,2,6,0.54
trexx,2025 Champions,Champions,2,6,0.54
kamo,2025 Champions,Champions,2,5,0.45
Akeman,2025 Champions,Champions,2,4,0.36
N4RRATE,2025 Champions,Champions,2,4,0.36
iZu,2025 Champions,Champions,2,4,0.36
Rarga,2025 Champions,Champions,2,3,0.27
Jemkin,2025 Champions,Champions,2,3,0.27
ZmjjKK,2025 Champions,Champions,2,2,0.18
SpiritZ1,2025 Champions,Champions,2,1,0.09
BuZz,2025 Champions,Champions,2,1,0.09
vo0kashu,2025 Champions,Champions,2,1,0.09
Meteor,2025 Champions,Champions,2,1,0.09
whzy,2025 Champions,Champions,2,1,0.09
Flashback,2025 Champions,Champions,3,1073,100.0
brawk,2025 Champions,Champions,3,944,87.98
Chronicle,2025 Champions,Champions,3,931,86.77
Boaster,2025 Champions,Champions,3,925,86.21
something,2025 Champions,Champions,3,893,83.22
s0m,2025 Champions,Champions,3,798,74.37
MaKo,2025 Champions,Champions,3,596,55.55
skuba,2025 Champions,Champions,3,522,48.65
crashies,2025 Champions,Champions,3,499,46.51
PatMen,2025 Champions,Champions,3,385,35.88
mada,2025 Champions,Champions,3,374,34.86
Estrella,2025 Champions,Champions,3,371,34.58
f0rsakeN,2025 Champions,Champions,3,370,34.48
Ethan,2025 Champions,Champions,3,366,34.11
kaajak,2025 Champions,Champions,3,285,26.56
free1ng,2025 Champions,Champions,3,272,25.35
Jinggg,2025 Champions,Champions,3,248,23.11
Alfajer,2025 Champions,Champions,3,213,19.85
d4v41,2025 Champions,Champions,3,168,15.66
artzin,2025 Champions,Champions,3,160,14.91
Verno,2025 Champions,Champions,3,157,14.63
HYUNMIN,2025 Champions,Champions,3,154,14.35
xenom,2025 Champions,Champions,3,88,8.2
Boo,2025 Champions,Champions,3,58,5.41
Cloud,2025 Champions,Champions,3,57,5.31
grubinho,2025 Champions,Champions,3,53,4.94
nephh,2025 Champions,Champions,3,46,4.29
benjyfishy,2025 Champions,Champions,3,32,2.98
Flickless,2025 Champions,Champions,3,31,2.89
ara,2025 Champions,Champions,3,27,2.52
aspas,2025 Champions,Champions,3,24,2.24
cortezia,2025 Champions,Champions,3,20,1.86
Viva,2025 Champions,Champions,3,18,1.68
CHICHOO,2025 Champions,Champions,3,17,1.58
coconut,2025 Champions,Champions,3,14,1.3
westside,2025 Champions,Champions,3,13,1.21
crazyguy,2025 Champions,Champions,3,11,1.03
Levius,2025 Champions,Champions,3,11,1.03
valyn,2025 Champions,Champions,3,10,0.93
JonahP,2025 Champions,Champions,3,8,0.75
stax,2025 Champions,Champions,3,7,0.65
Kushy,2025 Champions,Champions,3,6,0.56
NoMan,2025 Champions,Champions,3,5,0.47
rushia,2025 Champions,Champions,3,5,0.47
Zellsis,2025 Champions,Champions,3,5,0.47
DH,2025 Champions,Champions,3,4,0.37
Keiko,2025 Champions,Champions,3,3,0.28
nobody,2025 Champions,Champions,3,3,0.28
trent,2025 Champions,Champions,3,3,0.28
leaf,2025 Champions,Champions,3,3,0.28
Nicc,2025 Champions,Champions,3,3,0.28
MiniBoo,2025 Champions,Champions,3,3,0.28
Jieni7,2025 Champions,Champions,3,2,0.19
paTiTek,2025 Champions,Champions,3,2,0.19
iZu,2025 Champions,Champions,3,2,0.19
RieNs,2025 Champions,Champions,3,2,0.19
nAts,2025 Champions,Champions,3,2,0.19
jawgemo,2025 Champions,Champions,3,2,0.19
Flex1n,2025 Champions,Champions,3,2,0.19
Smoggy,2025 Champions,Champions,3,2,0.19
Knight,2025 Champions,Champions,3,2,0.19
bang,2025 Champions,Champions,3,2,0.19
happywei,2025 Champions,Champions,3,2,0.19
johnqt,2025 Champions,Champions,3,2,0.19
Akeman,2025 Champions,Champions,3,1,0.09
Monyet,2025 Champions,Champions,3,1,0.09
zekken,2025 Champions,Champions,3,1,0.09
SpiritZ1,2025 Champions,Champions,3,1,0.09
xffero,2025 Champions,Champions,3,1,0.09
trexx,2025 Champions,Champions,3,1,0.09
SSeeS,2025 Stage 2,Stage 2,1,894,100.0
t3xture,2025 Stage 2,Stage 2,1,875,97.87
Munchkin,2025 Stage 2,Stage 2,1,775,86.69
pryze,2025 Stage 2,Stage 2,1,740,82.77
AvovA,2025 Stage 2,Stage 2,1,681,76.17
something,2025 Stage 2,Stage 2,1,629,70.36
Foxy9,2025 Stage 2,Stage 2,1,617,69.02
f0rsakeN,2025 Stage 2,Stage 2,1,610,68.23
skuba,2025 Stage 2,Stage 2,1,468,52.35
d4v41,2025 Stage 2,Stage 2,1,464,51.9
MOLSI,2025 Stage 2,Stage 2,1,451,50.45
PatMen,2025 Stage 2,Stage 2,1,411,45.97
Boo,2025 Stage 2,Stage 2,1,407,45.53
kaajak,2025 Stage 2,Stage 2,1,404,45.19
ANGE1,2025 Stage 2,Stage 2,1,404,45.19
yay,2025 Stage 2,Stage 2,1,390,43.62
crashies,2025 Stage 2,Stage 2,1,381,42.62
Papi,2025 Stage 2,Stage 2,1,376,42.06
nAts,2025 Stage 2,Stage 2,1,367,41.05
Ash,2025 Stage 2,Stage 2,1,357,39.93
dos9,2025 Stage 2,Stage 2,1,348,38.93
Chronicle,2025 Stage 2,Stage 2,1,346,38.7
Alfajer,2025 Stage 2,Stage 2,1,325,36.35
primmie,2025 Stage 2,Stage 2,1,322,36.02
trexx,2025 Stage 2,Stage 2,1,318,35.57
Killua,2025 Stage 2,Stage 2,1,302,33.78
kellyS,2025 Stage 2,Stage 2,1,298,33.33
Meteor,2025 Stage 2,Stage 2,1,293,32.77
Zellsis,2025 Stage 2,Stage 2,1,282,31.54
tuyz,2025 Stage 2,Stage 2,1,274,30.65
s0m,2025 Stage 2,Stage 2,1,264,29.53
Persia,2025 Stage 2,Stage 2,1,257,28.75
invy,2025 Stage 2,Stage 2,1,256,28.64
spike,2025 Stage 2,Stage 2,1,255,28.52
yoman,2025 Stage 2,Stage 2,1,253,28.3
Boaster,2025 Stage 2,Stage 2,1,251,28.08
hiro,2025 Stage 2,Stage 2,1,245,27.4
Kess,2025 Stage 2,Stage 2,1,244,27.29
Wo0t,2025 Stage 2,Stage 2,1,240,26.85
Okeanos,2025 Stage 2,Stage 2,1,237,26.51
RobbieBk,2025 Stage 2,Stage 2,1,237,26.51
paTiTek,2025 Stage 2,Stage 2,1,233,26.06
Jinggg,2025 Stage 2,Stage 2,1,229,25.62
Monyet,2025 Stage 2,Stage 2,1,228,25.5
JitBoyS,2025 Stage 2,Stage 2,1,228,25.5
neT,2025 Stage 2,Stage 2,1,221,24.72
JonahP,2025 Stage 2,Stage 2,1,217,24.27
ban,2025 Stage 2,Stage 2,1,217,24.27
Rb,2025 Stage 2,Stage 2,1,214,23.94
v1c,2025 Stage 2,Stage 2,1,199,22.26
Flashback,2025 Stage 2,Stage 2,1,187,20.92
lukxo,2025 Stage 2,Stage 2,1,186,20.81
UdoTan,2025 Stage 2,Stage 2,1,176,19.69
Karon,2025 Stage 2,Stage 2,1,174,19.46
Keiko,2025 Stage 2,Stage 2,1,171,19.13
supamen,2025 Stage 2,Stage 2,1,155,17.34
TenTen,2025 Stage 2,Stage 2,1,150,16.78
OXY,2025 Stage 2,Stage 2,1,149,16.67
Elite,2025 Stage 2,Stage 2,1,148,16.55
nataNk,2025 Stage 2,Stage 2,1,148,16.55
stax,2025 Stage 2,Stage 2,1,146,16.33
Derrek,2025 Stage 2,Stage 2,1,146,16.33
BerserX,2025 Stage 2,Stage 2,1,145,16.22
MaKo,2025 Stage 2,Stage 2,1,142,15.88
westside,2025 Stage 2,Stage 2,1,141,15.77
crazyguy,2025 Stage 2,Stage 2,1,139,15.55
heat,2025 Stage 2,Stage 2,1,137,15.32
SUYGETSU,2025 Stage 2,Stage 2,1,136,15.21
zekken,2025 Stage 2,Stage 2,1,136,15.21
valyn,2025 Stage 2,Stage 2,1,135,15.1
johnqt,2025 Stage 2,Stage 2,1,134,14.99
mitch,2025 Stage 2,Stage 2,1,121,13.53
Verno,2025 Stage 2,Stage 2,1,120,13.42
free1ng,2025 Stage 2,Stage 2,1,119,13.31
N4RRATE,2025 Stage 2,Stage 2,1,117,13.09
Meiy,2025 Stage 2,Stage 2,1,114,12.75
ComeBack,2025 Stage 2,Stage 2,1,113,12.64
cortezia,2025 Stage 2,Stage 2,1,112,12.53
Ethan,2025 Stage 2,Stage 2,1,112,12.53
Estrella,2025 Stage 2,Stage 2,1,107,11.97
zander,2025 Stage 2,Stage 2,1,107,11.97
bang,2025 Stage 2,Stage 2,1,104,11.63
Wild0reoo,2025 Stage 2,Stage 2,1,103,11.52
Jinboong,2025 Stage 2,Stage 2,1,103,11.52
thyy,2025 Stage 2,Stage 2,1,101,11.3
RieNs,2025 Stage 2,Stage 2,1,101,11.3
Akame,2025 Stage 2,Stage 2,1,100,11.19
BeYN,2025 Stage 2,Stage 2,1,100,11.19
trent,2025 Stage 2,Stage 2,1,99,11.07
mada,2025 Stage 2,Stage 2,1,99,11.07
icy,2025 Stage 2,Stage 2,1,98,10.96
Proxh,2025 Stage 2,Stage 2,1,97,10.85
ZesBeeW,2025 Stage 2,Stage 2,1,96,10.74
Kr1stal,2025 Stage 2,Stage 2,1,95,10.63
Avez,2025 Stage 2,Stage 2,1,94,10.51
Dep,2025 Stage 2,Stage 2,1,93,10.4
Kushy,2025 Stage 2,Stage 2,1,92,10.29
iZu,2025 Stage 2,Stage 2,1,89,9.96
flyuh,2025 Stage 2,Stage 2,1,89,9.96
Jamppi,2025 Stage 2,Stage 2,1,88,9.84
Xeppaa,2025 Stage 2,Stage 2,1,86,9.62
benjyfishy,2025 Stage 2,Stage 2,1,86,9.62
brawk,2025 Stage 2,Stage 2,1,85,9.51
penny,2025 Stage 2,Stage 2,1,84,9.4
MONSTEERR,2025 Stage 2,Stage 2,1,83,9.28
SugarZ3ro,2025 Stage 2,Stage 2,1,83,9.28
Minny,2025 Stage 2,Stage 2,1,81,9.06
batujnax,2025 Stage 2,Stage 2,1,81,9.06
PROFEK,2025 Stage 2,Stage 2,1,80,8.95
Crws,2025 Stage 2,Stage 2,1,79,8.84
Dantedeu5,2025 Stage 2,Stage 2,1,78,8.72
kamo,2025 Stage 2,Stage 2,1,76,8.5
Less,2025 Stage 2,Stage 2,1,76,8.5
eeiu,2025 Stage 2,Stage 2,1,76,8.5
baddyG,2025 Stage 2,Stage 2,1,71,7.94
Melser,2025 Stage 2,Stage 2,1,69,7.72
margaret,2025 Stage 2,Stage 2,1,68,7.61
pANcada,2025 Stage 2,Stage 2,1,67,7.49
Dambi,2025 Stage 2,Stage 2,1,66,7.38
Shyy,2025 Stage 2,Stage 2,1,65,7.27
xffero,2025 Stage 2,Stage 2,1,63,7.05
leaf,2025 Stage 2,Stage 2,1,61,6.82
C0M,2025 Stage 2,Stage 2,1,61,6.82
saadhak,2025 Stage 2,Stage 2,1,60,6.71
Shiro,2025 Stage 2,Stage 2,1,59,6.6
Flickless,2025 Stage 2,Stage 2,1,59,6.6
NcSlasher,2025 Stage 2,Stage 2,1,59,6.6
gobera,2025 Stage 2,Stage 2,1,58,6.49
Ivy,2025 Stage 2,Stage 2,1,58,6.49
BuZz,2025 Stage 2,Stage 2,1,57,6.38
Famouz,2025 Stage 2,Stage 2,1,57,6.38
tex,2025 Stage 2,Stage 2,1,53,5.93
Sato,2025 Stage 2,Stage 2,1,53,5.93
HYUNMIN,2025 Stage 2,Stage 2,1,52,5.82
Shao,2025 Stage 2,Stage 2,1,50,5.59
Ruxic,2025 Stage 2,Stage 2,1,49,5.48
n1zzy,2025 Stage 2,Stage 2,1,48,5.37
xeus,2025 Stage 2,Stage 2,1,48,5.37
aspas,2025 Stage 2,Stage 2,1,47,5.26
kamyk,2025 Stage 2,Stage 2,1,47,5.26
Jemkin,2025 Stage 2,Stage 2,1,46,5.15
basic,2025 Stage 2,Stage 2,1,45,5.03
Kicks,2025 Stage 2,Stage 2,1,45,5.03
Francis,2025 Stage 2,Stage 2,1,45,5.03
LewN,2025 Stage 2,Stage 2,1,43,4.81
sociablEE,2025 Stage 2,Stage 2,1,43,4.81
gyen,2025 Stage 2,Stage 2,1,42,4.7
lz,2025 Stage 2,Stage 2,1,41,4.59
Asuna,2025 Stage 2,Stage 2,1,41,4.59
DH,2025 Stage 2,Stage 2,1,39,4.36
Veqaj,2025 Stage 2,Stage 2,1,36,4.03
grubinho,2025 Stage 2,Stage 2,1,36,4.03
Flicker,2025 Stage 2,Stage 2,1,35,3.91
cNed,2025 Stage 2,Stage 2,1,35,3.91
KovaQ,2025 Stage 2,Stage 2,1,35,3.91
ara,2025 Stage 2,Stage 2,1,34,3.8
Cryocells,2025 Stage 2,Stage 2,1,34,3.8
jawgemo,2025 Stage 2,Stage 2,1,34,3.8
CLZ,2025 Stage 2,Stage 2,1,32,3.58
MAGNUM,2025 Stage 2,Stage 2,1,32,3.58
xenom,2025 Stage 2,Stage 2,1,31,3.47
cauanzin,2025 Stage 2,Stage 2,1,31,3.47
UNFAKE,2025 Stage 2,Stage 2,1,30,3.36
NaturE,2025 Stage 2,Stage 2,1,30,3.36
Filu,2025 Stage 2,Stage 2,1,29,3.24
kiNgg,2025 Stage 2,Stage 2,1,29,3.24
keznit,2025 Stage 2,Stage 2,1,28,3.13
yetujey,2025 Stage 2,Stage 2,1,27,3.02
artzin,2025 Stage 2,Stage 2,1,27,3.02
Cloud,2025 Stage 2,Stage 2,1,27,3.02
Mazino,2025 Stage 2,Stage 2,1,25,2.8
alexiiik,2025 Stage 2,Stage 2,1,25,2.8
Virtyy,2025 Stage 2,Stage 2,1,24,2.68
qRaxs,2025 Stage 2,Stage 2,1,24,2.68
marteen,2025 Stage 2,Stage 2,1,23,2.57
MrFaliN,2025 Stage 2,Stage 2,1,22,2.46
Derke,2025 Stage 2,Stage 2,1,21,2.35
Loss,2025 Stage 2,Stage 2,1,21,2.35
MiniBoo,2025 Stage 2,Stage 2,1,21,2.35
Urango,2025 Stage 2,Stage 2,1,19,2.13
Xdll,2025 Stage 2,Stage 2,1,13,1.45
silentzz,2025 Stage 2,Stage 2,1,12,1.34
AtaKaptan,2025 Stage 2,Stage 2,1,10,1.12
Munchkin,2025 Stage 2,Stage 2,2,817,100.0
pryze,2025 Stage 2,Stage 2,2,794,97.18
something,2025 Stage 2,Stage 2,2,719,88.0
Kess,2025 Stage 2,Stage 2,2,702,85.92
t3xture,2025 Stage 2,Stage 2,2,659,80.66
f0rsakeN,2025 Stage 2,Stage 2,2,647,79.19
SSeeS,2025 Stage 2,Stage 2,2,644,78.82
d4v41,2025 Stage 2,Stage 2,2,640,78.34
AvovA,2025 Stage 2,Stage 2,2,614,75.15
Papi,2025 Stage 2,Stage 2,2,569,69.65
Avez,2025 Stage 2,Stage 2,2,515,63.04
Foxy9,2025 Stage 2,Stage 2,2,487,59.61
kaajak,2025 Stage 2,Stage 2,2,474,58.02
crashies,2025 Stage 2,Stage 2,2,459,56.18
Ash,2025 Stage 2,Stage 2,2,432,52.88
MOLSI,2025 Stage 2,Stage 2,2,429,52.51
Zellsis,2025 Stage 2,Stage 2,2,398,48.71
nAts,2025 Stage 2,Stage 2,2,387,47.37
ANGE1,2025 Stage 2,Stage 2,2,375,45.9
Chronicle,2025 Stage 2,Stage 2,2,360,44.06
Killua,2025 Stage 2,Stage 2,2,357,43.7
primmie,2025 Stage 2,Stage 2,2,348,42.59
PatMen,2025 Stage 2,Stage 2,2,343,41.98
JitBoyS,2025 Stage 2,Stage 2,2,329,40.27
spike,2025 Stage 2,Stage 2,2,321,39.29
lukxo,2025 Stage 2,Stage 2,2,318,38.92
kellyS,2025 Stage 2,Stage 2,2,304,37.21
Boo,2025 Stage 2,Stage 2,2,284,34.76
Derrek,2025 Stage 2,Stage 2,2,273,33.41
Meiy,2025 Stage 2,Stage 2,2,273,33.41
Wo0t,2025 Stage 2,Stage 2,2,265,32.44
UdoTan,2025 Stage 2,Stage 2,2,265,32.44
zekken,2025 Stage 2,Stage 2,2,265,32.44
RobbieBk,2025 Stage 2,Stage 2,2,264,32.31
Elite,2025 Stage 2,Stage 2,2,252,30.84
skuba,2025 Stage 2,Stage 2,2,251,30.72
Keiko,2025 Stage 2,Stage 2,2,250,30.6
Monyet,2025 Stage 2,Stage 2,2,249,30.48
Alfajer,2025 Stage 2,Stage 2,2,246,30.11
yay,2025 Stage 2,Stage 2,2,238,29.13
Persia,2025 Stage 2,Stage 2,2,238,29.13
Crws,2025 Stage 2,Stage 2,2,233,28.52
hiro,2025 Stage 2,Stage 2,2,220,26.93
trexx,2025 Stage 2,Stage 2,2,220,26.93
valyn,2025 Stage 2,Stage 2,2,220,26.93
zander,2025 Stage 2,Stage 2,2,212,25.95
paTiTek,2025 Stage 2,Stage 2,2,207,25.34
Okeanos,2025 Stage 2,Stage 2,2,206,25.21
thyy,2025 Stage 2,Stage 2,2,203,24.85
Meteor,2025 Stage 2,Stage 2,2,195,23.87
SUYGETSU,2025 Stage 2,Stage 2,2,195,23.87
ban,2025 Stage 2,Stage 2,2,193,23.62
OXY,2025 Stage 2,Stage 2,2,189,23.13
N4RRATE,2025 Stage 2,Stage 2,2,189,23.13
Boaster,2025 Stage 2,Stage 2,2,186,22.77
v1c,2025 Stage 2,Stage 2,2,181,22.15
neT,2025 Stage 2,Stage 2,2,179,21.91
Jinggg,2025 Stage 2,Stage 2,2,171,20.93
JonahP,2025 Stage 2,Stage 2,2,171,20.93
Sato,2025 Stage 2,Stage 2,2,170,20.81
n1zzy,2025 Stage 2,Stage 2,2,169,20.69
Melser,2025 Stage 2,Stage 2,2,169,20.69
yoman,2025 Stage 2,Stage 2,2,168,20.56
Jamppi,2025 Stage 2,Stage 2,2,166,20.32
westside,2025 Stage 2,Stage 2,2,162,19.83
bang,2025 Stage 2,Stage 2,2,161,19.71
trent,2025 Stage 2,Stage 2,2,155,18.97
Rb,2025 Stage 2,Stage 2,2,153,18.73
PROFEK,2025 Stage 2,Stage 2,2,152,18.6
eeiu,2025 Stage 2,Stage 2,2,150,18.36
Virtyy,2025 Stage 2,Stage 2,2,143,17.5
Flashback,2025 Stage 2,Stage 2,2,135,16.52
Karon,2025 Stage 2,Stage 2,2,127,15.54
johnqt,2025 Stage 2,Stage 2,2,126,15.42
invy,2025 Stage 2,Stage 2,2,122,14.93
tuyz,2025 Stage 2,Stage 2,2,121,14.81
Kr1stal,2025 Stage 2,Stage 2,2,119,14.57
Minny,2025 Stage 2,Stage 2,2,117,14.32
benjyfishy,2025 Stage 2,Stage 2,2,115,14.08
supamen,2025 Stage 2,Stage 2,2,114,13.95
dos9,2025 Stage 2,Stage 2,2,113,13.83
mitch,2025 Stage 2,Stage 2,2,112,13.71
s0m,2025 Stage 2,Stage 2,2,112,13.71
flyuh,2025 Stage 2,Stage 2,2,109,13.34
RieNs,2025 Stage 2,Stage 2,2,102,12.48
cNed,2025 Stage 2,Stage 2,2,100,12.24
ComeBack,2025 Stage 2,Stage 2,2,100,12.24
Jinboong,2025 Stage 2,Stage 2,2,98,12.0
grubinho,2025 Stage 2,Stage 2,2,97,11.87
Akame,2025 Stage 2,Stage 2,2,96,11.75
keznit,2025 Stage 2,Stage 2,2,90,11.02
MONSTEERR,2025 Stage 2,Stage 2,2,90,11.02
MaKo,2025 Stage 2,Stage 2,2,87,10.65
Ruxic,2025 Stage 2,Stage 2,2,83,10.16
nataNk,2025 Stage 2,Stage 2,2,81,9.91
Wild0reoo,2025 Stage 2,Stage 2,2,81,9.91
Dambi,2025 Stage 2,Stage 2,2,78,9.55
Xeppaa,2025 Stage 2,Stage 2,2,78,9.55
Francis,2025 Stage 2,Stage 2,2,73,8.94
crazyguy,2025 Stage 2,Stage 2,2,72,8.81
stax,2025 Stage 2,Stage 2,2,71,8.69
cortezia,2025 Stage 2,Stage 2,2,71,8.69
Kushy,2025 Stage 2,Stage 2,2,70,8.57
heat,2025 Stage 2,Stage 2,2,70,8.57
Flickless,2025 Stage 2,Stage 2,2,69,8.45
ZesBeeW,2025 Stage 2,Stage 2,2,69,8.45
kamo,2025 Stage 2,Stage 2,2,69,8.45
baddyG,2025 Stage 2,Stage 2,2,67,8.2
Proxh,2025 Stage 2,Stage 2,2,66,8.08
Estrella,2025 Stage 2,Stage 2,2,63,7.71
Shyy,2025 Stage 2,Stage 2,2,62,7.59
pANcada,2025 Stage 2,Stage 2,2,62,7.59
iZu,2025 Stage 2,Stage 2,2,60,7.34
Dantedeu5,2025 Stage 2,Stage 2,2,58,7.1
saadhak,2025 Stage 2,Stage 2,2,58,7.1
lz,2025 Stage 2,Stage 2,2,56,6.85
icy,2025 Stage 2,Stage 2,2,53,6.49
LewN,2025 Stage 2,Stage 2,2,51,6.24
penny,2025 Stage 2,Stage 2,2,51,6.24
free1ng,2025 Stage 2,Stage 2,2,50,6.12
Asuna,2025 Stage 2,Stage 2,2,50,6.12
Verno,2025 Stage 2,Stage 2,2,50,6.12
gobera,2025 Stage 2,Stage 2,2,48,5.88
batujnax,2025 Stage 2,Stage 2,2,47,5.75
sociablEE,2025 Stage 2,Stage 2,2,46,5.63
BuZz,2025 Stage 2,Stage 2,2,46,5.63
Less,2025 Stage 2,Stage 2,2,43,5.26
Cloud,2025 Stage 2,Stage 2,2,42,5.14
MAGNUM,2025 Stage 2,Stage 2,2,41,5.02
Ethan,2025 Stage 2,Stage 2,2,41,5.02
gyen,2025 Stage 2,Stage 2,2,41,5.02
tex,2025 Stage 2,Stage 2,2,38,4.65
HYUNMIN,2025 Stage 2,Stage 2,2,38,4.65
yetujey,2025 Stage 2,Stage 2,2,36,4.41
SugarZ3ro,2025 Stage 2,Stage 2,2,36,4.41
DH,2025 Stage 2,Stage 2,2,35,4.28
marteen,2025 Stage 2,Stage 2,2,35,4.28
Ivy,2025 Stage 2,Stage 2,2,35,4.28
silentzz,2025 Stage 2,Stage 2,2,32,3.92
mada,2025 Stage 2,Stage 2,2,32,3.92
Cryocells,2025 Stage 2,Stage 2,2,32,3.92
TenTen,2025 Stage 2,Stage 2,2,31,3.79
basic,2025 Stage 2,Stage 2,2,30,3.67
xffero,2025 Stage 2,Stage 2,2,30,3.67
Dep,2025 Stage 2,Stage 2,2,28,3.43
Filu,2025 Stage 2,Stage 2,2,26,3.18
C0M,2025 Stage 2,Stage 2,2,26,3.18
Mazino,2025 Stage 2,Stage 2,2,26,3.18
brawk,2025 Stage 2,Stage 2,2,26,3.18
kamyk,2025 Stage 2,Stage 2,2,26,3.18
BerserX,2025 Stage 2,Stage 2,2,25,3.06
qRaxs,2025 Stage 2,Stage 2,2,24,2.94
ara,2025 Stage 2,Stage 2,2,24,2.94
NcSlasher,2025 Stage 2,Stage 2,2,23,2.82
Veqaj,2025 Stage 2,Stage 2,2,23,2.82
xeus,2025 Stage 2,Stage 2,2,23,2.82
NaturE,2025 Stage 2,Stage 2,2,22,2.69
jawgemo,2025 Stage 2,Stage 2,2,22,2.69
Shao,2025 Stage 2,Stage 2,2,21,2.57
artzin,2025 Stage 2,Stage 2,2,21,2.57
MiniBoo,2025 Stage 2,Stage 2,2,21,2.57
Jemkin,2025 Stage 2,Stage 2,2,19,2.33
alexiiik,2025 Stage 2,Stage 2,2,18,2.2
cauanzin,2025 Stage 2,Stage 2,2,17,2.08
aspas,2025 Stage 2,Stage 2,2,17,2.08
xenom,2025 Stage 2,Stage 2,2,16,1.96
KovaQ,2025 Stage 2,Stage 2,2,15,1.84
kiNgg,2025 Stage 2,Stage 2,2,15,1.84
Shiro,2025 Stage 2,Stage 2,2,15,1.84
Urango,2025 Stage 2,Stage 2,2,14,1.71
Kicks,2025 Stage 2,Stage 2,2,14,1.71
Loss,2025 Stage 2,Stage 2,2,13,1.59
Derke,2025 Stage 2,Stage 2,2,12,1.47
MrFaliN,2025 Stage 2,Stage 2,2,12,1.47
BeYN,2025 Stage 2,Stage 2,2,12,1.47
UNFAKE,2025 Stage 2,Stage 2,2,11,1.35
margaret,2025 Stage 2,Stage 2,2,9,1.1
CLZ,2025 Stage 2,Stage 2,2,8,0.98
Famouz,2025 Stage 2,Stage 2,2,7,0.86
AtaKaptan,2025 Stage 2,Stage 2,2,4,0.49
leaf,2025 Stage 2,Stage 2,2,4,0.49
Xdll,2025 Stage 2,Stage 2,2,3,0.37
Flicker,2025 Stage 2,Stage 2,2,2,0.24
Kess,2025 Stage 2,Stage 2,3,1138,100.0
something,2025 Stage 2,Stage 2,3,839,73.73
pryze,2025 Stage 2,Stage 2,3,804,70.65
Munchkin,2025 Stage 2,Stage 2,3,791,69.51
d4v41,2025 Stage 2,Stage 2,3,695,61.07
SSeeS,2025 Stage 2,Stage 2,3,670,58.88
crashies,2025 Stage 2,Stage 2,3,659,57.91
f0rsakeN,2025 Stage 2,Stage 2,3,621,54.57
t3xture,2025 Stage 2,Stage 2,3,600,52.72
AvovA,2025 Stage 2,Stage 2,3,593,52.11
Papi,2025 Stage 2,Stage 2,3,582,51.14
Zellsis,2025 Stage 2,Stage 2,3,570,50.09
Avez,2025 Stage 2,Stage 2,3,517,45.43
MOLSI,2025 Stage 2,Stage 2,3,499,43.85
Meiy,2025 Stage 2,Stage 2,3,485,42.62
Keiko,2025 Stage 2,Stage 2,3,479,42.09
kaajak,2025 Stage 2,Stage 2,3,475,41.74
zander,2025 Stage 2,Stage 2,3,443,38.93
nAts,2025 Stage 2,Stage 2,3,423,37.17
Foxy9,2025 Stage 2,Stage 2,3,412,36.2
Ash,2025 Stage 2,Stage 2,3,406,35.68
spike,2025 Stage 2,Stage 2,3,387,34.01
Wo0t,2025 Stage 2,Stage 2,3,383,33.66
eeiu,2025 Stage 2,Stage 2,3,334,29.35
valyn,2025 Stage 2,Stage 2,3,325,28.56
ANGE1,2025 Stage 2,Stage 2,3,321,28.21
Monyet,2025 Stage 2,Stage 2,3,317,27.86
PatMen,2025 Stage 2,Stage 2,3,308,27.07
Chronicle,2025 Stage 2,Stage 2,3,306,26.89
Alfajer,2025 Stage 2,Stage 2,3,301,26.45
zekken,2025 Stage 2,Stage 2,3,289,25.4
N4RRATE,2025 Stage 2,Stage 2,3,281,24.69
SUYGETSU,2025 Stage 2,Stage 2,3,266,23.37
Asuna,2025 Stage 2,Stage 2,3,262,23.02
Sato,2025 Stage 2,Stage 2,3,260,22.85
JonahP,2025 Stage 2,Stage 2,3,255,22.41
westside,2025 Stage 2,Stage 2,3,240,21.09
paTiTek,2025 Stage 2,Stage 2,3,239,21.0
skuba,2025 Stage 2,Stage 2,3,239,21.0
Killua,2025 Stage 2,Stage 2,3,235,20.65
Okeanos,2025 Stage 2,Stage 2,3,233,20.47
Elite,2025 Stage 2,Stage 2,3,226,19.86
grubinho,2025 Stage 2,Stage 2,3,218,19.16
trexx,2025 Stage 2,Stage 2,3,210,18.45
Boo,2025 Stage 2,Stage 2,3,206,18.1
RobbieBk,2025 Stage 2,Stage 2,3,202,17.75
UdoTan,2025 Stage 2,Stage 2,3,200,17.57
lukxo,2025 Stage 2,Stage 2,3,195,17.14
neT,2025 Stage 2,Stage 2,3,194,17.05
trent,2025 Stage 2,Stage 2,3,193,16.96
ban,2025 Stage 2,Stage 2,3,189,16.61
Derrek,2025 Stage 2,Stage 2,3,184,16.17
v1c,2025 Stage 2,Stage 2,3,181,15.91
Boaster,2025 Stage 2,Stage 2,3,178,15.64
Jinggg,2025 Stage 2,Stage 2,3,175,15.38
OXY,2025 Stage 2,Stage 2,3,169,14.85
ara,2025 Stage 2,Stage 2,3,167,14.67
bang,2025 Stage 2,Stage 2,3,166,14.59
Akame,2025 Stage 2,Stage 2,3,157,13.8
kellyS,2025 Stage 2,Stage 2,3,157,13.8
JitBoyS,2025 Stage 2,Stage 2,3,154,13.53
Flashback,2025 Stage 2,Stage 2,3,151,13.27
Jinboong,2025 Stage 2,Stage 2,3,150,13.18
Flickless,2025 Stage 2,Stage 2,3,145,12.74
mitch,2025 Stage 2,Stage 2,3,143,12.57
Persia,2025 Stage 2,Stage 2,3,142,12.48
Kr1stal,2025 Stage 2,Stage 2,3,140,12.3
johnqt,2025 Stage 2,Stage 2,3,139,12.21
yay,2025 Stage 2,Stage 2,3,138,12.13
Meteor,2025 Stage 2,Stage 2,3,137,12.04
kamo,2025 Stage 2,Stage 2,3,136,11.95
yoman,2025 Stage 2,Stage 2,3,132,11.6
flyuh,2025 Stage 2,Stage 2,3,128,11.25
hiro,2025 Stage 2,Stage 2,3,125,10.98
s0m,2025 Stage 2,Stage 2,3,122,10.72
Minny,2025 Stage 2,Stage 2,3,121,10.63
PROFEK,2025 Stage 2,Stage 2,3,114,10.02
Jamppi,2025 Stage 2,Stage 2,3,114,10.02
thyy,2025 Stage 2,Stage 2,3,113,9.93
Karon,2025 Stage 2,Stage 2,3,106,9.31
nataNk,2025 Stage 2,Stage 2,3,103,9.05
RieNs,2025 Stage 2,Stage 2,3,103,9.05
Crws,2025 Stage 2,Stage 2,3,101,8.88
Melser,2025 Stage 2,Stage 2,3,97,8.52
primmie,2025 Stage 2,Stage 2,3,92,8.08
benjyfishy,2025 Stage 2,Stage 2,3,89,7.82
n1zzy,2025 Stage 2,Stage 2,3,82,7.21
MONSTEERR,2025 Stage 2,Stage 2,3,82,7.21
MaKo,2025 Stage 2,Stage 2,3,80,7.03
baddyG,2025 Stage 2,Stage 2,3,79,6.94
kiNgg,2025 Stage 2,Stage 2,3,76,6.68
brawk,2025 Stage 2,Stage 2,3,75,6.59
tuyz,2025 Stage 2,Stage 2,3,74,6.5
stax,2025 Stage 2,Stage 2,3,73,6.41
KovaQ,2025 Stage 2,Stage 2,3,71,6.24
gyen,2025 Stage 2,Stage 2,3,68,5.98
Xeppaa,2025 Stage 2,Stage 2,3,67,5.89
Virtyy,2025 Stage 2,Stage 2,3,66,5.8
dos9,2025 Stage 2,Stage 2,3,63,5.54
lz,2025 Stage 2,Stage 2,3,63,5.54
DH,2025 Stage 2,Stage 2,3,62,5.45
supamen,2025 Stage 2,Stage 2,3,61,5.36
crazyguy,2025 Stage 2,Stage 2,3,60,5.27
tex,2025 Stage 2,Stage 2,3,60,5.27
Estrella,2025 Stage 2,Stage 2,3,59,5.18
iZu,2025 Stage 2,Stage 2,3,59,5.18
ComeBack,2025 Stage 2,Stage 2,3,58,5.1
Proxh,2025 Stage 2,Stage 2,3,56,4.92
Rb,2025 Stage 2,Stage 2,3,56,4.92
silentzz,2025 Stage 2,Stage 2,3,55,4.83
Less,2025 Stage 2,Stage 2,3,54,4.75
Veqaj,2025 Stage 2,Stage 2,3,54,4.75
Francis,2025 Stage 2,Stage 2,3,52,4.57
Cryocells,2025 Stage 2,Stage 2,3,50,4.39
UNFAKE,2025 Stage 2,Stage 2,3,49,4.31
gobera,2025 Stage 2,Stage 2,3,48,4.22
Cloud,2025 Stage 2,Stage 2,3,48,4.22
penny,2025 Stage 2,Stage 2,3,47,4.13
sociablEE,2025 Stage 2,Stage 2,3,46,4.04
free1ng,2025 Stage 2,Stage 2,3,46,4.04
keznit,2025 Stage 2,Stage 2,3,45,3.95
batujnax,2025 Stage 2,Stage 2,3,44,3.87
saadhak,2025 Stage 2,Stage 2,3,43,3.78
Shyy,2025 Stage 2,Stage 2,3,43,3.78
LewN,2025 Stage 2,Stage 2,3,43,3.78
Ruxic,2025 Stage 2,Stage 2,3,42,3.69
Filu,2025 Stage 2,Stage 2,3,39,3.43
MAGNUM,2025 Stage 2,Stage 2,3,39,3.43
heat,2025 Stage 2,Stage 2,3,38,3.34
C0M,2025 Stage 2,Stage 2,3,38,3.34
cNed,2025 Stage 2,Stage 2,3,38,3.34
mada,2025 Stage 2,Stage 2,3,37,3.25
HYUNMIN,2025 Stage 2,Stage 2,3,36,3.16
Ethan,2025 Stage 2,Stage 2,3,36,3.16
Kushy,2025 Stage 2,Stage 2,3,35,3.08
Dambi,2025 Stage 2,Stage 2,3,34,2.99
Dantedeu5,2025 Stage 2,Stage 2,3,33,2.9
pANcada,2025 Stage 2,Stage 2,3,32,2.81
basic,2025 Stage 2,Stage 2,3,31,2.72
kamyk,2025 Stage 2,Stage 2,3,30,2.64
invy,2025 Stage 2,Stage 2,3,29,2.55
ZesBeeW,2025 Stage 2,Stage 2,3,28,2.46
jawgemo,2025 Stage 2,Stage 2,3,28,2.46
cortezia,2025 Stage 2,Stage 2,3,27,2.37
Jemkin,2025 Stage 2,Stage 2,3,27,2.37
marteen,2025 Stage 2,Stage 2,3,26,2.28
xffero,2025 Stage 2,Stage 2,3,25,2.2
icy,2025 Stage 2,Stage 2,3,25,2.2
BerserX,2025 Stage 2,Stage 2,3,24,2.11
BuZz,2025 Stage 2,Stage 2,3,23,2.02
MiniBoo,2025 Stage 2,Stage 2,3,22,1.93
Ivy,2025 Stage 2,Stage 2,3,21,1.85
Wild0reoo,2025 Stage 2,Stage 2,3,20,1.76
artzin,2025 Stage 2,Stage 2,3,19,1.67
Dep,2025 Stage 2,Stage 2,3,18,1.58
Shao,2025 Stage 2,Stage 2,3,15,1.32
NcSlasher,2025 Stage 2,Stage 2,3,14,1.23
yetujey,2025 Stage 2,Stage 2,3,14,1.23
BeYN,2025 Stage 2,Stage 2,3,14,1.23
Kicks,2025 Stage 2,Stage 2,3,14,1.23
Shiro,2025 Stage 2,Stage 2,3,13,1.14
NaturE,2025 Stage 2,Stage 2,3,13,1.14
SugarZ3ro,2025 Stage 2,Stage 2,3,12,1.05
Derke,2025 Stage 2,Stage 2,3,12,1.05
Verno,2025 Stage 2,Stage 2,3,11,0.97
Urango,2025 Stage 2,Stage 2,3,10,0.88
Mazino,2025 Stage 2,Stage 2,3,10,0.88
xeus,2025 Stage 2,Stage 2,3,9,0.79
margaret,2025 Stage 2,Stage 2,3,9,0.79
cauanzin,2025 Stage 2,Stage 2,3,8,0.7
aspas,2025 Stage 2,Stage 2,3,8,0.7
qRaxs,2025 Stage 2,Stage 2,3,7,0.62
xenom,2025 Stage 2,Stage 2,3,7,0.62
alexiiik,2025 Stage 2,Stage 2,3,7,0.62
CLZ,2025 Stage 2,Stage 2,3,6,0.53
Loss,2025 Stage 2,Stage 2,3,6,0.53
TenTen,2025 Stage 2,Stage 2,3,6,0.53
AtaKaptan,2025 Stage 2,Stage 2,3,6,0.53
leaf,2025 Stage 2,Stage 2,3,5,0.44
Flicker,2025 Stage 2,Stage 2,3,3,0.26
Famouz,2025 Stage 2,Stage 2,3,3,0.26
Xdll,2025 Stage 2,Stage 2,3,2,0.18
MrFaliN,2025 Stage 2,Stage 2,3,1,0.09
Kess,2025 Stage 2,Stage 2,4,941,100.0
pryze,2025 Stage 2,Stage 2,4,685,72.79
Munchkin,2025 Stage 2,Stage 2,4,550,58.45
SSeeS,2025 Stage 2,Stage 2,4,545,57.92
Wo0t,2025 Stage 2,Stage 2,4,532,56.54
Zellsis,2025 Stage 2,Stage 2,4,532,56.54
Sato,2025 Stage 2,Stage 2,4,529,56.22
AvovA,2025 Stage 2,Stage 2,4,516,54.84
Avez,2025 Stage 2,Stage 2,4,496,52.71
N4RRATE,2025 Stage 2,Stage 2,4,481,51.12
valyn,2025 Stage 2,Stage 2,4,479,50.9
crashies,2025 Stage 2,Stage 2,4,473,50.27
JonahP,2025 Stage 2,Stage 2,4,460,48.88
Meiy,2025 Stage 2,Stage 2,4,434,46.12
Keiko,2025 Stage 2,Stage 2,4,412,43.78
MOLSI,2025 Stage 2,Stage 2,4,401,42.61
t3xture,2025 Stage 2,Stage 2,4,390,41.45
something,2025 Stage 2,Stage 2,4,384,40.81
nAts,2025 Stage 2,Stage 2,4,362,38.47
d4v41,2025 Stage 2,Stage 2,4,355,37.73
zekken,2025 Stage 2,Stage 2,4,340,36.13
kaajak,2025 Stage 2,Stage 2,4,333,35.39
Papi,2025 Stage 2,Stage 2,4,330,35.07
Foxy9,2025 Stage 2,Stage 2,4,301,31.99
Ash,2025 Stage 2,Stage 2,4,296,31.46
zander,2025 Stage 2,Stage 2,4,274,29.12
ANGE1,2025 Stage 2,Stage 2,4,252,26.78
Chronicle,2025 Stage 2,Stage 2,4,246,26.14
f0rsakeN,2025 Stage 2,Stage 2,4,242,25.72
grubinho,2025 Stage 2,Stage 2,4,239,25.4
trent,2025 Stage 2,Stage 2,4,226,24.02
Alfajer,2025 Stage 2,Stage 2,4,226,24.02
spike,2025 Stage 2,Stage 2,4,224,23.8
SUYGETSU,2025 Stage 2,Stage 2,4,222,23.59
eeiu,2025 Stage 2,Stage 2,4,209,22.21
bang,2025 Stage 2,Stage 2,4,203,21.57
Elite,2025 Stage 2,Stage 2,4,196,20.83
Asuna,2025 Stage 2,Stage 2,4,195,20.72
skuba,2025 Stage 2,Stage 2,4,193,20.51
Boo,2025 Stage 2,Stage 2,4,189,20.09
westside,2025 Stage 2,Stage 2,4,182,19.34
Monyet,2025 Stage 2,Stage 2,4,170,18.07
RobbieBk,2025 Stage 2,Stage 2,4,167,17.75
Ruxic,2025 Stage 2,Stage 2,4,166,17.64
Okeanos,2025 Stage 2,Stage 2,4,153,16.26
Flashback,2025 Stage 2,Stage 2,4,151,16.05
trexx,2025 Stage 2,Stage 2,4,151,16.05
paTiTek,2025 Stage 2,Stage 2,4,149,15.83
OXY,2025 Stage 2,Stage 2,4,145,15.41
neT,2025 Stage 2,Stage 2,4,142,15.09
hiro,2025 Stage 2,Stage 2,4,139,14.77
johnqt,2025 Stage 2,Stage 2,4,134,14.24
lukxo,2025 Stage 2,Stage 2,4,129,13.71
ara,2025 Stage 2,Stage 2,4,128,13.6
v1c,2025 Stage 2,Stage 2,4,125,13.28
Flickless,2025 Stage 2,Stage 2,4,124,13.18
mitch,2025 Stage 2,Stage 2,4,117,12.43
Boaster,2025 Stage 2,Stage 2,4,114,12.11
Killua,2025 Stage 2,Stage 2,4,112,11.9
RieNs,2025 Stage 2,Stage 2,4,107,11.37
Derrek,2025 Stage 2,Stage 2,4,106,11.26
Jamppi,2025 Stage 2,Stage 2,4,105,11.16
Jinboong,2025 Stage 2,Stage 2,4,105,11.16
s0m,2025 Stage 2,Stage 2,4,105,11.16
flyuh,2025 Stage 2,Stage 2,4,102,10.84
PatMen,2025 Stage 2,Stage 2,4,98,10.41
PROFEK,2025 Stage 2,Stage 2,4,98,10.41
yay,2025 Stage 2,Stage 2,4,94,9.99
nataNk,2025 Stage 2,Stage 2,4,89,9.46
kellyS,2025 Stage 2,Stage 2,4,89,9.46
MONSTEERR,2025 Stage 2,Stage 2,4,88,9.35
thyy,2025 Stage 2,Stage 2,4,87,9.25
Melser,2025 Stage 2,Stage 2,4,87,9.25
kamo,2025 Stage 2,Stage 2,4,85,9.03
Akame,2025 Stage 2,Stage 2,4,81,8.61
Karon,2025 Stage 2,Stage 2,4,79,8.4
benjyfishy,2025 Stage 2,Stage 2,4,78,8.29
baddyG,2025 Stage 2,Stage 2,4,76,8.08
Xeppaa,2025 Stage 2,Stage 2,4,73,7.76
Persia,2025 Stage 2,Stage 2,4,73,7.76
cortezia,2025 Stage 2,Stage 2,4,72,7.65
ban,2025 Stage 2,Stage 2,4,71,7.55
gyen,2025 Stage 2,Stage 2,4,71,7.55
Filu,2025 Stage 2,Stage 2,4,69,7.33
Jinggg,2025 Stage 2,Stage 2,4,68,7.23
Minny,2025 Stage 2,Stage 2,4,65,6.91
yoman,2025 Stage 2,Stage 2,4,64,6.8
JitBoyS,2025 Stage 2,Stage 2,4,63,6.7
Less,2025 Stage 2,Stage 2,4,61,6.48
KovaQ,2025 Stage 2,Stage 2,4,55,5.84
MaKo,2025 Stage 2,Stage 2,4,53,5.63
Meteor,2025 Stage 2,Stage 2,4,52,5.53
tuyz,2025 Stage 2,Stage 2,4,52,5.53
brawk,2025 Stage 2,Stage 2,4,52,5.53
primmie,2025 Stage 2,Stage 2,4,51,5.42
Proxh,2025 Stage 2,Stage 2,4,50,5.31
penny,2025 Stage 2,Stage 2,4,48,5.1
gobera,2025 Stage 2,Stage 2,4,48,5.1
Crws,2025 Stage 2,Stage 2,4,48,5.1
n1zzy,2025 Stage 2,Stage 2,4,47,4.99
UdoTan,2025 Stage 2,Stage 2,4,45,4.78
batujnax,2025 Stage 2,Stage 2,4,45,4.78
Dantedeu5,2025 Stage 2,Stage 2,4,43,4.57
MAGNUM,2025 Stage 2,Stage 2,4,42,4.46
tex,2025 Stage 2,Stage 2,4,40,4.25
lz,2025 Stage 2,Stage 2,4,40,4.25
kiNgg,2025 Stage 2,Stage 2,4,39,4.14
sociablEE,2025 Stage 2,Stage 2,4,38,4.04
Shyy,2025 Stage 2,Stage 2,4,37,3.93
LewN,2025 Stage 2,Stage 2,4,36,3.83
jawgemo,2025 Stage 2,Stage 2,4,36,3.83
Virtyy,2025 Stage 2,Stage 2,4,35,3.72
UNFAKE,2025 Stage 2,Stage 2,4,35,3.72
free1ng,2025 Stage 2,Stage 2,4,35,3.72
silentzz,2025 Stage 2,Stage 2,4,34,3.61
ComeBack,2025 Stage 2,Stage 2,4,34,3.61
Veqaj,2025 Stage 2,Stage 2,4,33,3.51
MiniBoo,2025 Stage 2,Stage 2,4,32,3.4
supamen,2025 Stage 2,Stage 2,4,31,3.29
Cryocells,2025 Stage 2,Stage 2,4,31,3.29
DH,2025 Stage 2,Stage 2,4,31,3.29
Francis,2025 Stage 2,Stage 2,4,30,3.19
keznit,2025 Stage 2,Stage 2,4,30,3.19
cNed,2025 Stage 2,Stage 2,4,29,3.08
HYUNMIN,2025 Stage 2,Stage 2,4,29,3.08
mada,2025 Stage 2,Stage 2,4,29,3.08
saadhak,2025 Stage 2,Stage 2,4,29,3.08
Kr1stal,2025 Stage 2,Stage 2,4,28,2.98
Rb,2025 Stage 2,Stage 2,4,27,2.87
heat,2025 Stage 2,Stage 2,4,26,2.76
basic,2025 Stage 2,Stage 2,4,26,2.76
Cloud,2025 Stage 2,Stage 2,4,26,2.76
marteen,2025 Stage 2,Stage 2,4,25,2.66
Ethan,2025 Stage 2,Stage 2,4,25,2.66
Estrella,2025 Stage 2,Stage 2,4,24,2.55
C0M,2025 Stage 2,Stage 2,4,23,2.44
crazyguy,2025 Stage 2,Stage 2,4,22,2.34
Kushy,2025 Stage 2,Stage 2,4,22,2.34
stax,2025 Stage 2,Stage 2,4,21,2.23
Dep,2025 Stage 2,Stage 2,4,18,1.91
SugarZ3ro,2025 Stage 2,Stage 2,4,17,1.81
Dambi,2025 Stage 2,Stage 2,4,16,1.7
dos9,2025 Stage 2,Stage 2,4,15,1.59
Jemkin,2025 Stage 2,Stage 2,4,15,1.59
Verno,2025 Stage 2,Stage 2,4,14,1.49
iZu,2025 Stage 2,Stage 2,4,13,1.38
alexiiik,2025 Stage 2,Stage 2,4,13,1.38
Derke,2025 Stage 2,Stage 2,4,13,1.38
pANcada,2025 Stage 2,Stage 2,4,13,1.38
ZesBeeW,2025 Stage 2,Stage 2,4,13,1.38
kamyk,2025 Stage 2,Stage 2,4,12,1.28
yetujey,2025 Stage 2,Stage 2,4,11,1.17
Shao,2025 Stage 2,Stage 2,4,11,1.17
Mazino,2025 Stage 2,Stage 2,4,10,1.06
Ivy,2025 Stage 2,Stage 2,4,10,1.06
qRaxs,2025 Stage 2,Stage 2,4,10,1.06
BerserX,2025 Stage 2,Stage 2,4,9,0.96
Kicks,2025 Stage 2,Stage 2,4,9,0.96
xffero,2025 Stage 2,Stage 2,4,9,0.96
artzin,2025 Stage 2,Stage 2,4,9,0.96
Urango,2025 Stage 2,Stage 2,4,9,0.96
CLZ,2025 Stage 2,Stage 2,4,9,0.96
icy,2025 Stage 2,Stage 2,4,8,0.85
aspas,2025 Stage 2,Stage 2,4,8,0.85
TenTen,2025 Stage 2,Stage 2,4,7,0.74
Wild0reoo,2025 Stage 2,Stage 2,4,7,0.74
invy,2025 Stage 2,Stage 2,4,7,0.74
xenom,2025 Stage 2,Stage 2,4,7,0.74
Loss,2025 Stage 2,Stage 2,4,7,0.74
Shiro,2025 Stage 2,Stage 2,4,6,0.64
NaturE,2025 Stage 2,Stage 2,4,6,0.64
Xdll,2025 Stage 2,Stage 2,4,5,0.53
cauanzin,2025 Stage 2,Stage 2,4,5,0.53
BuZz,2025 Stage 2,Stage 2,4,4,0.43
BeYN,2025 Stage 2,Stage 2,4,3,0.32
xeus,2025 Stage 2,Stage 2,4,3,0.32
leaf,2025 Stage 2,Stage 2,4,3,0.32
margaret,2025 Stage 2,Stage 2,4,3,0.32
NcSlasher,2025 Stage 2,Stage 2,4,2,0.21
Famouz,2025 Stage 2,Stage 2,4,1,0.11
AtaKaptan,2025 Stage 2,Stage 2,4,1,0.11
MrFaliN,2025 Stage 2,Stage 2,4,1,0.11
Kess,2025 Stage 2,Stage 2,5,885,100.0
Sato,2025 Stage 2,Stage 2,5,708,80.0
Ruxic,2025 Stage 2,Stage 2,5,676,76.38
pryze,2025 Stage 2,Stage 2,5,654,73.9
Zellsis,2025 Stage 2,Stage 2,5,618,69.83
Wo0t,2025 Stage 2,Stage 2,5,596,67.34
N4RRATE,2025 Stage 2,Stage 2,5,590,66.67
zekken,2025 Stage 2,Stage 2,5,568,64.18
SSeeS,2025 Stage 2,Stage 2,5,508,57.4
crashies,2025 Stage 2,Stage 2,5,507,57.29
Keiko,2025 Stage 2,Stage 2,5,498,56.27
AvovA,2025 Stage 2,Stage 2,5,498,56.27
valyn,2025 Stage 2,Stage 2,5,479,54.12
JonahP,2025 Stage 2,Stage 2,5,443,50.06
Avez,2025 Stage 2,Stage 2,5,440,49.72
kaajak,2025 Stage 2,Stage 2,5,416,47.01
nAts,2025 Stage 2,Stage 2,5,400,45.2
MOLSI,2025 Stage 2,Stage 2,5,387,43.73
Alfajer,2025 Stage 2,Stage 2,5,328,37.06
Chronicle,2025 Stage 2,Stage 2,5,288,32.54
ANGE1,2025 Stage 2,Stage 2,5,283,31.98
hiro,2025 Stage 2,Stage 2,5,259,29.27
Papi,2025 Stage 2,Stage 2,5,256,28.93
bang,2025 Stage 2,Stage 2,5,248,28.02
zander,2025 Stage 2,Stage 2,5,231,26.1
trent,2025 Stage 2,Stage 2,5,228,25.76
grubinho,2025 Stage 2,Stage 2,5,222,25.08
Asuna,2025 Stage 2,Stage 2,5,215,24.29
yay,2025 Stage 2,Stage 2,5,206,23.28
skuba,2025 Stage 2,Stage 2,5,194,21.92
Boo,2025 Stage 2,Stage 2,5,186,21.02
paTiTek,2025 Stage 2,Stage 2,5,180,20.34
johnqt,2025 Stage 2,Stage 2,5,178,20.11
westside,2025 Stage 2,Stage 2,5,176,19.89
Munchkin,2025 Stage 2,Stage 2,5,175,19.77
Derrek,2025 Stage 2,Stage 2,5,168,18.98
RobbieBk,2025 Stage 2,Stage 2,5,168,18.98
eeiu,2025 Stage 2,Stage 2,5,168,18.98
Meiy,2025 Stage 2,Stage 2,5,168,18.98
Okeanos,2025 Stage 2,Stage 2,5,167,18.87
trexx,2025 Stage 2,Stage 2,5,164,18.53
benjyfishy,2025 Stage 2,Stage 2,5,156,17.63
SUYGETSU,2025 Stage 2,Stage 2,5,151,17.06
d4v41,2025 Stage 2,Stage 2,5,150,16.95
Elite,2025 Stage 2,Stage 2,5,142,16.05
lukxo,2025 Stage 2,Stage 2,5,140,15.82
spike,2025 Stage 2,Stage 2,5,139,15.71
kamo,2025 Stage 2,Stage 2,5,134,15.14
Ash,2025 Stage 2,Stage 2,5,132,14.92
ara,2025 Stage 2,Stage 2,5,131,14.8
s0m,2025 Stage 2,Stage 2,5,127,14.35
OXY,2025 Stage 2,Stage 2,5,126,14.24
something,2025 Stage 2,Stage 2,5,124,14.01
Boaster,2025 Stage 2,Stage 2,5,122,13.79
Less,2025 Stage 2,Stage 2,5,117,13.22
Flickless,2025 Stage 2,Stage 2,5,116,13.11
neT,2025 Stage 2,Stage 2,5,115,12.99
RieNs,2025 Stage 2,Stage 2,5,112,12.66
PROFEK,2025 Stage 2,Stage 2,5,111,12.54
v1c,2025 Stage 2,Stage 2,5,106,11.98
Monyet,2025 Stage 2,Stage 2,5,100,11.3
flyuh,2025 Stage 2,Stage 2,5,97,10.96
Jinboong,2025 Stage 2,Stage 2,5,97,10.96
Jamppi,2025 Stage 2,Stage 2,5,89,10.06
mitch,2025 Stage 2,Stage 2,5,89,10.06
kellyS,2025 Stage 2,Stage 2,5,85,9.6
cortezia,2025 Stage 2,Stage 2,5,77,8.7
mada,2025 Stage 2,Stage 2,5,76,8.59
Persia,2025 Stage 2,Stage 2,5,75,8.47
MONSTEERR,2025 Stage 2,Stage 2,5,73,8.25
Filu,2025 Stage 2,Stage 2,5,69,7.8
alexiiik,2025 Stage 2,Stage 2,5,68,7.68
Killua,2025 Stage 2,Stage 2,5,67,7.57
nataNk,2025 Stage 2,Stage 2,5,67,7.57
Foxy9,2025 Stage 2,Stage 2,5,65,7.34
Xeppaa,2025 Stage 2,Stage 2,5,63,7.12
Flashback,2025 Stage 2,Stage 2,5,63,7.12
Melser,2025 Stage 2,Stage 2,5,62,7.01
baddyG,2025 Stage 2,Stage 2,5,61,6.89
f0rsakeN,2025 Stage 2,Stage 2,5,60,6.78
PatMen,2025 Stage 2,Stage 2,5,60,6.78
thyy,2025 Stage 2,Stage 2,5,58,6.55
supamen,2025 Stage 2,Stage 2,5,57,6.44
KovaQ,2025 Stage 2,Stage 2,5,55,6.21
MiniBoo,2025 Stage 2,Stage 2,5,51,5.76
gyen,2025 Stage 2,Stage 2,5,51,5.76
JitBoyS,2025 Stage 2,Stage 2,5,49,5.54
tuyz,2025 Stage 2,Stage 2,5,47,5.31
LewN,2025 Stage 2,Stage 2,5,47,5.31
brawk,2025 Stage 2,Stage 2,5,47,5.31
MAGNUM,2025 Stage 2,Stage 2,5,46,5.2
ban,2025 Stage 2,Stage 2,5,46,5.2
Proxh,2025 Stage 2,Stage 2,5,45,5.08
Minny,2025 Stage 2,Stage 2,5,44,4.97
kiNgg,2025 Stage 2,Stage 2,5,44,4.97
Akame,2025 Stage 2,Stage 2,5,43,4.86
yoman,2025 Stage 2,Stage 2,5,43,4.86
gobera,2025 Stage 2,Stage 2,5,41,4.63
icy,2025 Stage 2,Stage 2,5,40,4.52
sociablEE,2025 Stage 2,Stage 2,5,39,4.41
Crws,2025 Stage 2,Stage 2,5,38,4.29
tex,2025 Stage 2,Stage 2,5,33,3.73
Virtyy,2025 Stage 2,Stage 2,5,33,3.73
t3xture,2025 Stage 2,Stage 2,5,32,3.62
n1zzy,2025 Stage 2,Stage 2,5,32,3.62
heat,2025 Stage 2,Stage 2,5,32,3.62
Shyy,2025 Stage 2,Stage 2,5,32,3.62
jawgemo,2025 Stage 2,Stage 2,5,31,3.5
Dantedeu5,2025 Stage 2,Stage 2,5,31,3.5
lz,2025 Stage 2,Stage 2,5,30,3.39
batujnax,2025 Stage 2,Stage 2,5,28,3.16
Cryocells,2025 Stage 2,Stage 2,5,28,3.16
cNed,2025 Stage 2,Stage 2,5,27,3.05
UNFAKE,2025 Stage 2,Stage 2,5,26,2.94
UdoTan,2025 Stage 2,Stage 2,5,26,2.94
Veqaj,2025 Stage 2,Stage 2,5,26,2.94
basic,2025 Stage 2,Stage 2,5,26,2.94
keznit,2025 Stage 2,Stage 2,5,25,2.82
penny,2025 Stage 2,Stage 2,5,25,2.82
ComeBack,2025 Stage 2,Stage 2,5,25,2.82
MaKo,2025 Stage 2,Stage 2,5,25,2.82
saadhak,2025 Stage 2,Stage 2,5,25,2.82
crazyguy,2025 Stage 2,Stage 2,5,23,2.6
free1ng,2025 Stage 2,Stage 2,5,22,2.49
Rb,2025 Stage 2,Stage 2,5,21,2.37
Jinggg,2025 Stage 2,Stage 2,5,21,2.37
Kr1stal,2025 Stage 2,Stage 2,5,20,2.26
Ethan,2025 Stage 2,Stage 2,5,20,2.26
Estrella,2025 Stage 2,Stage 2,5,20,2.26
pANcada,2025 Stage 2,Stage 2,5,20,2.26
silentzz,2025 Stage 2,Stage 2,5,19,2.15
Derke,2025 Stage 2,Stage 2,5,19,2.15
Meteor,2025 Stage 2,Stage 2,5,19,2.15
Shao,2025 Stage 2,Stage 2,5,18,2.03
Francis,2025 Stage 2,Stage 2,5,18,2.03
DH,2025 Stage 2,Stage 2,5,17,1.92
Karon,2025 Stage 2,Stage 2,5,17,1.92
marteen,2025 Stage 2,Stage 2,5,17,1.92
primmie,2025 Stage 2,Stage 2,5,16,1.81
stax,2025 Stage 2,Stage 2,5,16,1.81
Dambi,2025 Stage 2,Stage 2,5,14,1.58
Cloud,2025 Stage 2,Stage 2,5,14,1.58
kamyk,2025 Stage 2,Stage 2,5,13,1.47
C0M,2025 Stage 2,Stage 2,5,12,1.36
Ivy,2025 Stage 2,Stage 2,5,12,1.36
artzin,2025 Stage 2,Stage 2,5,11,1.24
iZu,2025 Stage 2,Stage 2,5,10,1.13
Loss,2025 Stage 2,Stage 2,5,9,1.02
SugarZ3ro,2025 Stage 2,Stage 2,5,9,1.02
ZesBeeW,2025 Stage 2,Stage 2,5,9,1.02
NaturE,2025 Stage 2,Stage 2,5,9,1.02
qRaxs,2025 Stage 2,Stage 2,5,8,0.9
Kicks,2025 Stage 2,Stage 2,5,8,0.9
Kushy,2025 Stage 2,Stage 2,5,8,0.9
cauanzin,2025 Stage 2,Stage 2,5,8,0.9
xffero,2025 Stage 2,Stage 2,5,8,0.9
Mazino,2025 Stage 2,Stage 2,5,7,0.79
Shiro,2025 Stage 2,Stage 2,5,7,0.79
Dep,2025 Stage 2,Stage 2,5,7,0.79
aspas,2025 Stage 2,Stage 2,5,7,0.79
Urango,2025 Stage 2,Stage 2,5,6,0.68
xenom,2025 Stage 2,Stage 2,5,6,0.68
dos9,2025 Stage 2,Stage 2,5,6,0.68
BeYN,2025 Stage 2,Stage 2,5,6,0.68
Wild0reoo,2025 Stage 2,Stage 2,5,5,0.56
yetujey,2025 Stage 2,Stage 2,5,5,0.56
Jemkin,2025 Stage 2,Stage 2,5,5,0.56
xeus,2025 Stage 2,Stage 2,5,4,0.45
Verno,2025 Stage 2,Stage 2,5,4,0.45
HYUNMIN,2025 Stage 2,Stage 2,5,4,0.45
BerserX,2025 Stage 2,Stage 2,5,3,0.34
BuZz,2025 Stage 2,Stage 2,5,3,0.34
margaret,2025 Stage 2,Stage 2,5,3,0.34
invy,2025 Stage 2,Stage 2,5,3,0.34
leaf,2025 Stage 2,Stage 2,5,3,0.34
CLZ,2025 Stage 2,Stage 2,5,2,0.23
MrFaliN,2025 Stage 2,Stage 2,5,1,0.11
AtaKaptan,2025 Stage 2,Stage 2,5,1,0.11
NcSlasher,2025 Stage 2,Stage 2,5,1,0.11
TenTen,2025 Stage 2,Stage 2,5,1,0.11
zekken,2025 Toronto,Toronto,1,1060,100.0
Zellsis,2025 Toronto,Toronto,1,967,91.23
bang,2025 Toronto,Toronto,1,792,74.72
f0rsakeN,2025 Toronto,Toronto,1,722,68.11
paTiTek,2025 Toronto,Toronto,1,654,61.7
Karon,2025 Toronto,Toronto,1,607,57.26
Foxy9,2025 Toronto,Toronto,1,604,56.98
benjyfishy,2025 Toronto,Toronto,1,578,54.53
cortezia,2025 Toronto,Toronto,1,577,54.43
Boaster,2025 Toronto,Toronto,1,531,50.09
something,2025 Toronto,Toronto,1,514,48.49
xenom,2025 Toronto,Toronto,1,475,44.81
PatMen,2025 Toronto,Toronto,1,455,42.92
Boo,2025 Toronto,Toronto,1,454,42.83
Verno,2025 Toronto,Toronto,1,426,40.19
d4v41,2025 Toronto,Toronto,1,419,39.53
Jinggg,2025 Toronto,Toronto,1,396,37.36
Serial,2025 Toronto,Toronto,1,380,35.85
johnqt,2025 Toronto,Toronto,1,359,33.87
JonahP,2025 Toronto,Toronto,1,354,33.4
crashies,2025 Toronto,Toronto,1,339,31.98
artzin,2025 Toronto,Toronto,1,338,31.89
Munchkin,2025 Toronto,Toronto,1,330,31.13
rushia,2025 Toronto,Toronto,1,305,28.77
aspas,2025 Toronto,Toronto,1,293,27.64
Monyet,2025 Toronto,Toronto,1,286,26.98
valyn,2025 Toronto,Toronto,1,263,24.81
N4RRATE,2025 Toronto,Toronto,1,260,24.53
Chronicle,2025 Toronto,Toronto,1,257,24.25
RieNs,2025 Toronto,Toronto,1,251,23.68
Levius,2025 Toronto,Toronto,1,248,23.4
trent,2025 Toronto,Toronto,1,227,21.42
t3xture,2025 Toronto,Toronto,1,200,18.87
Wo0t,2025 Toronto,Toronto,1,178,16.79
leaf,2025 Toronto,Toronto,1,175,16.51
Ash,2025 Toronto,Toronto,1,173,16.32
coconut,2025 Toronto,Toronto,1,166,15.66
kaajak,2025 Toronto,Toronto,1,163,15.38
SiuFatBB,2025 Toronto,Toronto,1,157,14.81
Jemkin,2025 Toronto,Toronto,1,152,14.34
Keiko,2025 Toronto,Toronto,1,147,13.87
Spring,2025 Toronto,Toronto,1,131,12.36
whzy,2025 Toronto,Toronto,1,127,11.98
MiniBoo,2025 Toronto,Toronto,1,118,11.13
nAts,2025 Toronto,Toronto,1,116,10.94
Knight,2025 Toronto,Toronto,1,111,10.47
nephh,2025 Toronto,Toronto,1,102,9.62
crazyguy,2025 Toronto,Toronto,1,97,9.15
Lysoar,2025 Toronto,Toronto,1,97,9.15
Alfajer,2025 Toronto,Toronto,1,96,9.06
jawgemo,2025 Toronto,Toronto,1,80,7.55
Kushy,2025 Toronto,Toronto,1,79,7.45
xffero,2025 Toronto,Toronto,1,74,6.98
happywei,2025 Toronto,Toronto,1,66,6.23
Viva,2025 Toronto,Toronto,1,64,6.04
kamo,2025 Toronto,Toronto,1,62,5.85
Rarga,2025 Toronto,Toronto,1,56,5.28
Juicy,2025 Toronto,Toronto,1,50,4.72
Yuicaw,2025 Toronto,Toronto,1,50,4.72
Midi,2025 Toronto,Toronto,1,18,1.7
Zellsis,2025 Toronto,Toronto,2,696,100.0
Foxy9,2025 Toronto,Toronto,2,682,97.99
Spring,2025 Toronto,Toronto,2,603,86.64
Karon,2025 Toronto,Toronto,2,537,77.16
zekken,2025 Toronto,Toronto,2,518,74.43
t3xture,2025 Toronto,Toronto,2,504,72.41
JonahP,2025 Toronto,Toronto,2,418,60.06
bang,2025 Toronto,Toronto,2,375,53.88
Boaster,2025 Toronto,Toronto,2,345,49.57
trent,2025 Toronto,Toronto,2,343,49.28
Ash,2025 Toronto,Toronto,2,333,47.84
f0rsakeN,2025 Toronto,Toronto,2,331,47.56
Munchkin,2025 Toronto,Toronto,2,325,46.7
valyn,2025 Toronto,Toronto,2,319,45.83
Monyet,2025 Toronto,Toronto,2,262,37.64
crashies,2025 Toronto,Toronto,2,255,36.64
SiuFatBB,2025 Toronto,Toronto,2,255,36.64
leaf,2025 Toronto,Toronto,2,245,35.2
PatMen,2025 Toronto,Toronto,2,241,34.63
johnqt,2025 Toronto,Toronto,2,238,34.2
d4v41,2025 Toronto,Toronto,2,231,33.19
Chronicle,2025 Toronto,Toronto,2,214,30.75
Jinggg,2025 Toronto,Toronto,2,204,29.31
something,2025 Toronto,Toronto,2,202,29.02
coconut,2025 Toronto,Toronto,2,201,28.88
xffero,2025 Toronto,Toronto,2,179,25.72
Jemkin,2025 Toronto,Toronto,2,171,24.57
kaajak,2025 Toronto,Toronto,2,163,23.42
N4RRATE,2025 Toronto,Toronto,2,144,20.69
Juicy,2025 Toronto,Toronto,2,136,19.54
Kushy,2025 Toronto,Toronto,2,128,18.39
Alfajer,2025 Toronto,Toronto,2,123,17.67
crazyguy,2025 Toronto,Toronto,2,107,15.37
Viva,2025 Toronto,Toronto,2,104,14.94
jawgemo,2025 Toronto,Toronto,2,96,13.79
Lysoar,2025 Toronto,Toronto,2,92,13.22
happywei,2025 Toronto,Toronto,2,83,11.93
paTiTek,2025 Toronto,Toronto,2,68,9.77
Rarga,2025 Toronto,Toronto,2,65,9.34
Serial,2025 Toronto,Toronto,2,46,6.61
Levius,2025 Toronto,Toronto,2,44,6.32
Yuicaw,2025 Toronto,Toronto,2,41,5.89
Boo,2025 Toronto,Toronto,2,26,3.74
Midi,2025 Toronto,Toronto,2,22,3.16
rushia,2025 Toronto,Toronto,2,22,3.16
cortezia,2025 Toronto,Toronto,2,15,2.16
Verno,2025 Toronto,Toronto,2,13,1.87
artzin,2025 Toronto,Toronto,2,12,1.72
benjyfishy,2025 Toronto,Toronto,2,12,1.72
nAts,2025 Toronto,Toronto,2,10,1.44
Knight,2025 Toronto,Toronto,2,10,1.44
xenom,2025 Toronto,Toronto,2,9,1.29
nephh,2025 Toronto,Toronto,2,5,0.72
Keiko,2025 Toronto,Toronto,2,4,0.57
Wo0t,2025 Toronto,Toronto,2,3,0.43
whzy,2025 Toronto,Toronto,2,3,0.43
RieNs,2025 Toronto,Toronto,2,1,0.14
MiniBoo,2025 Toronto,Toronto,2,1,0.14
kamo,2025 Toronto,Toronto,2,1,0.14
Spring,2025 Toronto,Toronto,3,1130,100.0
Jinggg,2025 Toronto,Toronto,3,811,71.77
PatMen,2025 Toronto,Toronto,3,590,52.21
Alfajer,2025 Toronto,Toronto,3,419,37.08
SiuFatBB,2025 Toronto,Toronto,3,408,36.11
d4v41,2025 Toronto,Toronto,3,397,35.13
valyn,2025 Toronto,Toronto,3,396,35.04
JonahP,2025 Toronto,Toronto,3,375,33.19
leaf,2025 Toronto,Toronto,3,351,31.06
f0rsakeN,2025 Toronto,Toronto,3,348,30.8
Lysoar,2025 Toronto,Toronto,3,334,29.56
crashies,2025 Toronto,Toronto,3,331,29.29
Juicy,2025 Toronto,Toronto,3,329,29.12
Chronicle,2025 Toronto,Toronto,3,313,27.7
Boaster,2025 Toronto,Toronto,3,293,25.93
trent,2025 Toronto,Toronto,3,289,25.58
something,2025 Toronto,Toronto,3,288,25.49
kaajak,2025 Toronto,Toronto,3,219,19.38
Zellsis,2025 Toronto,Toronto,3,171,15.13
Yuicaw,2025 Toronto,Toronto,3,152,13.45
jawgemo,2025 Toronto,Toronto,3,123,10.88
Foxy9,2025 Toronto,Toronto,3,82,7.26
Ash,2025 Toronto,Toronto,3,78,6.9
coconut,2025 Toronto,Toronto,3,55,4.87
Karon,2025 Toronto,Toronto,3,48,4.25
xffero,2025 Toronto,Toronto,3,48,4.25
Munchkin,2025 Toronto,Toronto,3,43,3.81
Viva,2025 Toronto,Toronto,3,40,3.54
bang,2025 Toronto,Toronto,3,39,3.45
Monyet,2025 Toronto,Toronto,3,31,2.74
johnqt,2025 Toronto,Toronto,3,28,2.48
paTiTek,2025 Toronto,Toronto,3,27,2.39
Serial,2025 Toronto,Toronto,3,27,2.39
crazyguy,2025 Toronto,Toronto,3,24,2.12
zekken,2025 Toronto,Toronto,3,19,1.68
N4RRATE,2025 Toronto,Toronto,3,19,1.68
Kushy,2025 Toronto,Toronto,3,18,1.59
happywei,2025 Toronto,Toronto,3,16,1.42
t3xture,2025 Toronto,Toronto,3,15,1.33
Boo,2025 Toronto,Toronto,3,11,0.97
Levius,2025 Toronto,Toronto,3,10,0.88
artzin,2025 Toronto,Toronto,3,7,0.62
benjyfishy,2025 Toronto,Toronto,3,7,0.62
rushia,2025 Toronto,Toronto,3,6,0.53
Midi,2025 Toronto,Toronto,3,4,0.35
Knight,2025 Toronto,Toronto,3,4,0.35
nAts,2025 Toronto,Toronto,3,4,0.35
Jemkin,2025 Toronto,Toronto,3,3,0.27
nephh,2025 Toronto,Toronto,3,3,0.27
cortezia,2025 Toronto,Toronto,3,2,0.18
RieNs,2025 Toronto,Toronto,3,1,0.09
Wo0t,2025 Toronto,Toronto,3,1,0.09
xenom,2025 Toronto,Toronto,3,1,0.09
Keiko,2025 Toronto,Toronto,3,1,0.09
Rarga,2025 Toronto,Toronto,3,1,0.09
Demon1,2026 Kickoff,Kickoff,1,2812,100.0
Boaster,2026 Kickoff,Kickoff,1,1937,68.88
aspas,2026 Kickoff,Kickoff,1,1681,59.78
PatMen,2026 Kickoff,Kickoff,1,1484,52.77
Munchkin,2026 Kickoff,Kickoff,1,1425,50.68
f0rsakeN,2026 Kickoff,Kickoff,1,1368,48.65
nerve,2026 Kickoff,Kickoff,1,1342,47.72
Cryocells,2026 Kickoff,Kickoff,1,1292,45.95
westside,2026 Kickoff,Kickoff,1,1261,44.84
Reduxx,2026 Kickoff,Kickoff,1,1256,44.67
Eggsterr,2026 Kickoff,Kickoff,1,1243,44.2
zekken,2026 Kickoff,Kickoff,1,1223,43.49
Chronicle,2026 Kickoff,Kickoff,1,1213,43.14
pANcada,2026 Kickoff,Kickoff,1,1197,42.57
Sato,2026 Kickoff,Kickoff,1,1182,42.03
kiNgg,2026 Kickoff,Kickoff,1,1141,40.58
skuba,2026 Kickoff,Kickoff,1,1136,40.4
C0M,2026 Kickoff,Kickoff,1,1131,40.22
benjyfishy,2026 Kickoff,Kickoff,1,1121,39.86
kaajak,2026 Kickoff,Kickoff,1,1118,39.76
bang,2026 Kickoff,Kickoff,1,1102,39.19
MaKo,2026 Kickoff,Kickoff,1,1100,39.12
invy,2026 Kickoff,Kickoff,1,1093,38.87
penny,2026 Kickoff,Kickoff,1,1055,37.52
vora,2026 Kickoff,Kickoff,1,1038,36.91
johnqt,2026 Kickoff,Kickoff,1,1015,36.1
Verno,2026 Kickoff,Kickoff,1,1009,35.88
something,2026 Kickoff,Kickoff,1,997,35.46
cortezia,2026 Kickoff,Kickoff,1,991,35.24
saadhak,2026 Kickoff,Kickoff,1,938,33.36
JessieVash,2026 Kickoff,Kickoff,1,926,32.93
P0PPIN,2026 Kickoff,Kickoff,1,920,32.72
tex,2026 Kickoff,Kickoff,1,912,32.43
nAts,2026 Kickoff,Kickoff,1,891,31.69
eeiu,2026 Kickoff,Kickoff,1,880,31.29
Lakia,2026 Kickoff,Kickoff,1,880,31.29
stax,2026 Kickoff,Kickoff,1,874,31.08
Karon,2026 Kickoff,Kickoff,1,871,30.97
Zellsis,2026 Kickoff,Kickoff,1,863,30.69
brawk,2026 Kickoff,Kickoff,1,853,30.33
Jamppi,2026 Kickoff,Kickoff,1,835,29.69
RosÃ©,2026 Kickoff,Kickoff,1,805,28.63
XuNa,2026 Kickoff,Kickoff,1,792,28.17
crashies,2026 Kickoff,Kickoff,1,778,27.67
trent,2026 Kickoff,Kickoff,1,770,27.38
Mazino,2026 Kickoff,Kickoff,1,767,27.28
free1ng,2026 Kickoff,Kickoff,1,766,27.24
d4v41,2026 Kickoff,Kickoff,1,763,27.13
Flickless,2026 Kickoff,Kickoff,1,757,26.92
BABYBAY,2026 Kickoff,Kickoff,1,755,26.85
hiro,2026 Kickoff,Kickoff,1,742,26.39
spike,2026 Kickoff,Kickoff,1,730,25.96
Ruxic,2026 Kickoff,Kickoff,1,669,23.79
RieNs,2026 Kickoff,Kickoff,1,663,23.58
Francis,2026 Kickoff,Kickoff,1,648,23.04
mada,2026 Kickoff,Kickoff,1,636,22.62
Rossy,2026 Kickoff,Kickoff,1,626,22.26
dos9,2026 Kickoff,Kickoff,1,621,22.08
supamen,2026 Kickoff,Kickoff,1,611,21.73
BerserX,2026 Kickoff,Kickoff,1,610,21.69
Ethan,2026 Kickoff,Kickoff,1,609,21.66
KROSTALY,2026 Kickoff,Kickoff,1,603,21.44
Meiy,2026 Kickoff,Kickoff,1,584,20.77
xffero,2026 Kickoff,Kickoff,1,583,20.73
crazyguy,2026 Kickoff,Kickoff,1,581,20.66
cauanzin,2026 Kickoff,Kickoff,1,572,20.34
Boo,2026 Kickoff,Kickoff,1,558,19.84
valyn,2026 Kickoff,Kickoff,1,552,19.63
Veqaj,2026 Kickoff,Kickoff,1,545,19.38
Less,2026 Kickoff,Kickoff,1,533,18.95
Asuna,2026 Kickoff,Kickoff,1,528,18.78
Cloud,2026 Kickoff,Kickoff,1,524,18.63
Keiko,2026 Kickoff,Kickoff,1,519,18.46
v1c,2026 Kickoff,Kickoff,1,515,18.31
Okeanos,2026 Kickoff,Kickoff,1,507,18.03
dgzin,2026 Kickoff,Kickoff,1,497,17.67
Kushy,2026 Kickoff,Kickoff,1,492,17.5
lukxo,2026 Kickoff,Kickoff,1,491,17.46
primmie,2026 Kickoff,Kickoff,1,489,17.39
SyouTa,2026 Kickoff,Kickoff,1,484,17.21
Meteor,2026 Kickoff,Kickoff,1,482,17.14
jawgemo,2026 Kickoff,Kickoff,1,481,17.11
JitBoyS,2026 Kickoff,Kickoff,1,475,16.89
starxo,2026 Kickoff,Kickoff,1,470,16.71
koalanoob,2026 Kickoff,Kickoff,1,467,16.61
Minny,2026 Kickoff,Kickoff,1,467,16.61
Monyet,2026 Kickoff,Kickoff,1,454,16.15
Jinggg,2026 Kickoff,Kickoff,1,451,16.04
artzin,2026 Kickoff,Kickoff,1,441,15.68
iZu,2026 Kickoff,Kickoff,1,436,15.5
Autumn,2026 Kickoff,Kickoff,1,435,15.47
Sylvan,2026 Kickoff,Kickoff,1,429,15.26
sociablEE,2026 Kickoff,Kickoff,1,422,15.01
qpert,2026 Kickoff,Kickoff,1,403,14.33
t3xture,2026 Kickoff,Kickoff,1,379,13.48
sheydos,2026 Kickoff,Kickoff,1,373,13.26
Ivy,2026 Kickoff,Kickoff,1,372,13.23
mwzera,2026 Kickoff,Kickoff,1,365,12.98
Xeppaa,2026 Kickoff,Kickoff,1,356,12.66
Rb,2026 Kickoff,Kickoff,1,353,12.55
OXY,2026 Kickoff,Kickoff,1,352,12.52
Timotino,2026 Kickoff,Kickoff,1,347,12.34
bao,2026 Kickoff,Kickoff,1,347,12.34
Lar0k,2026 Kickoff,Kickoff,1,339,12.06
leaf,2026 Kickoff,Kickoff,1,339,12.06
Derke,2026 Kickoff,Kickoff,1,338,12.02
Kyu,2026 Kickoff,Kickoff,1,329,11.7
Alfajer,2026 Kickoff,Kickoff,1,312,11.1
PROFEK,2026 Kickoff,Kickoff,1,309,10.99
BeYN,2026 Kickoff,Kickoff,1,302,10.74
xeus,2026 Kickoff,Kickoff,1,301,10.7
Shao,2026 Kickoff,Kickoff,1,299,10.63
Kr1stal,2026 Kickoff,Kickoff,1,299,10.63
lovers rock,2026 Kickoff,Kickoff,1,297,10.56
Leviathan,2026 Kickoff,Kickoff,1,294,10.46
audaz,2026 Kickoff,Kickoff,1,294,10.46
SSeeS,2026 Kickoff,Kickoff,1,293,10.42
Killua,2026 Kickoff,Kickoff,1,293,10.42
marteen,2026 Kickoff,Kickoff,1,282,10.03
ZynX,2026 Kickoff,Kickoff,1,279,9.92
C1ndeR,2026 Kickoff,Kickoff,1,266,9.46
HYUNMIN,2026 Kickoff,Kickoff,1,266,9.46
keznit,2026 Kickoff,Kickoff,1,258,9.17
yatsuka,2026 Kickoff,Kickoff,1,257,9.14
Neon,2026 Kickoff,Kickoff,1,251,8.93
grubinho,2026 Kickoff,Kickoff,1,246,8.75
wayne,2026 Kickoff,Kickoff,1,241,8.57
kamo,2026 Kickoff,Kickoff,1,235,8.36
SugarZ3ro,2026 Kickoff,Kickoff,1,234,8.32
SUYGETSU,2026 Kickoff,Kickoff,1,229,8.14
blowz,2026 Kickoff,Kickoff,1,228,8.11
Xross,2026 Kickoff,Kickoff,1,222,7.89
yetujey,2026 Kickoff,Kickoff,1,221,7.86
MrFaliN,2026 Kickoff,Kickoff,1,219,7.79
Wo0t,2026 Kickoff,Kickoff,1,216,7.68
Loita,2026 Kickoff,Kickoff,1,205,7.29
N4RRATE,2026 Kickoff,Kickoff,1,194,6.9
Xdll,2026 Kickoff,Kickoff,1,193,6.86
UdoTan,2026 Kickoff,Kickoff,1,188,6.69
ComeBack,2026 Kickoff,Kickoff,1,185,6.58
MiniBoo,2026 Kickoff,Kickoff,1,183,6.51
Akame,2026 Kickoff,Kickoff,1,182,6.47
Jemkin,2026 Kickoff,Kickoff,1,180,6.4
xavi8k,2026 Kickoff,Kickoff,1,171,6.08
BuZz,2026 Kickoff,Kickoff,1,170,6.05
Crewen,2026 Kickoff,Kickoff,1,170,6.05
nekky,2026 Kickoff,Kickoff,1,166,5.9
thyy,2026 Kickoff,Kickoff,1,161,5.73
Virtyy,2026 Kickoff,Kickoff,1,154,5.48
Filu,2026 Kickoff,Kickoff,1,146,5.19
LewN,2026 Kickoff,Kickoff,1,137,4.87
Caedye,2026 Kickoff,Kickoff,1,135,4.8
Klaus,2026 Kickoff,Kickoff,1,117,4.16
Avez,2026 Kickoff,Kickoff,1,116,4.13
seven,2026 Kickoff,Kickoff,1,113,4.02
TenTen,2026 Kickoff,Kickoff,1,109,3.88
silentzz,2026 Kickoff,Kickoff,1,107,3.81
al0rante,2026 Kickoff,Kickoff,1,104,3.7
ara,2026 Kickoff,Kickoff,1,95,3.38
Dantedeu5,2026 Kickoff,Kickoff,1,92,3.27
GLYPH,2026 Kickoff,Kickoff,1,92,3.27
Absol,2026 Kickoff,Kickoff,1,91,3.24
purp0,2026 Kickoff,Kickoff,1,89,3.17
baha,2026 Kickoff,Kickoff,1,84,2.99
Zexy,2026 Kickoff,Kickoff,1,81,2.88
Ash,2026 Kickoff,Kickoff,1,79,2.81
Darker,2026 Kickoff,Kickoff,1,76,2.7
kellyS,2026 Kickoff,Kickoff,1,75,2.67
eKo,2026 Kickoff,Kickoff,1,68,2.42
NINJA,2026 Kickoff,Kickoff,1,62,2.2
Dambi,2026 Kickoff,Kickoff,1,62,2.2
alym,2026 Kickoff,Kickoff,1,60,2.13
Hermes,2026 Kickoff,Kickoff,1,47,1.67
cNed,2026 Kickoff,Kickoff,1,40,1.42
oonzmlp,2026 Kickoff,Kickoff,1,34,1.21
UNFAKE,2026 Kickoff,Kickoff,1,34,1.21
Favian,2026 Kickoff,Kickoff,1,27,0.96
bipo,2026 Kickoff,Kickoff,1,21,0.75
sturNN,2026 Kickoff,Kickoff,1,20,0.71
d3mur,2026 Kickoff,Kickoff,1,15,0.53
starxo,2026 Santiago,Santiago,1,4011,100.0
BABYBAY,2026 Santiago,Santiago,1,3100,77.29
marteen,2026 Santiago,Santiago,1,3034,75.64
d4v41,2026 Santiago,Santiago,1,2903,72.38
skuba,2026 Santiago,Santiago,1,2696,67.22
Ethan,2026 Santiago,Santiago,1,2572,64.12
wayne,2026 Santiago,Santiago,1,2492,62.13
stax,2026 Santiago,Santiago,1,2396,59.74
Munchkin,2026 Santiago,Santiago,1,2198,54.8
f0rsakeN,2026 Santiago,Santiago,1,2096,52.26
brawk,2026 Santiago,Santiago,1,2039,50.84
iZu,2026 Santiago,Santiago,1,1924,47.97
GLYPH,2026 Santiago,Santiago,1,1770,44.13
nAts,2026 Santiago,Santiago,1,1768,44.08
valyn,2026 Santiago,Santiago,1,1644,40.99
Minny,2026 Santiago,Santiago,1,1467,36.57
nobody,2026 Santiago,Santiago,1,1427,35.58
trent,2026 Santiago,Santiago,1,1426,35.55
CHICHOO,2026 Santiago,Santiago,1,1417,35.33
Keiko,2026 Santiago,Santiago,1,1353,33.73
jawgemo,2026 Santiago,Santiago,1,1283,31.99
Smoggy,2026 Santiago,Santiago,1,1277,31.84
mada,2026 Santiago,Santiago,1,1236,30.82
invy,2026 Santiago,Santiago,1,1230,30.67
happywei,2026 Santiago,Santiago,1,1055,26.3
leaf,2026 Santiago,Santiago,1,1008,25.13
Lysoar,2026 Santiago,Santiago,1,1001,24.96
WsLeo,2026 Santiago,Santiago,1,965,24.06
MiniBoo,2026 Santiago,Santiago,1,863,21.52
Jinggg,2026 Santiago,Santiago,1,852,21.24
bipo,2026 Santiago,Santiago,1,844,21.04
purp0,2026 Santiago,Santiago,1,814,20.29
kamo,2026 Santiago,Santiago,1,809,20.17
RosÃ©,2026 Santiago,Santiago,1,575,14.34
eeiu,2026 Santiago,Santiago,1,574,14.31
artzin,2026 Santiago,Santiago,1,572,14.26
something,2026 Santiago,Santiago,1,556,13.86
Meteor,2026 Santiago,Santiago,1,525,13.09
nerve,2026 Santiago,Santiago,1,477,11.89
Ivy,2026 Santiago,Santiago,1,471,11.74
Xross,2026 Santiago,Santiago,1,411,10.25
ZmjjKK,2026 Santiago,Santiago,1,396,9.87
Rb,2026 Santiago,Santiago,1,362,9.03
NoMan,2026 Santiago,Santiago,1,321,8.0
Crewen,2026 Santiago,Santiago,1,283,7.06
Lar0k,2026 Santiago,Santiago,1,282,7.03
Rarga,2026 Santiago,Santiago,1,259,6.46
alym,2026 Santiago,Santiago,1,228,5.68
cb,2026 Santiago,Santiago,1,217,5.41
lovers rock,2026 Santiago,Santiago,1,208,5.19
koalanoob,2026 Santiago,Santiago,1,192,4.79
Shr1mp,2026 Santiago,Santiago,1,189,4.71
BuZz,2026 Santiago,Santiago,1,167,4.16
Francis,2026 Santiago,Santiago,1,154,3.84
Dambi,2026 Santiago,Santiago,1,148,3.69
Loita,2026 Santiago,Santiago,1,125,3.12
au1,2026 Santiago,Santiago,1,96,2.39
iamgrq,2026 Santiago,Santiago,1,59,1.47
K1ra,2026 Santiago,Santiago,1,44,1.1
f4ngeer,2026 Santiago,Santiago,1,41,1.02
starxo,2026 Santiago,Santiago,2,4803,100.0
d4v41,2026 Santiago,Santiago,2,4015,83.59
marteen,2026 Santiago,Santiago,2,3421,71.23
skuba,2026 Santiago,Santiago,2,2735,56.94
f0rsakeN,2026 Santiago,Santiago,2,2451,51.03
invy,2026 Santiago,Santiago,2,2437,50.74
Ethan,2026 Santiago,Santiago,2,2433,50.66
BABYBAY,2026 Santiago,Santiago,2,2400,49.97
Keiko,2026 Santiago,Santiago,2,2331,48.53
GLYPH,2026 Santiago,Santiago,2,2321,48.32
brawk,2026 Santiago,Santiago,2,1879,39.12
Ivy,2026 Santiago,Santiago,2,1814,37.77
RosÃ©,2026 Santiago,Santiago,2,1774,36.94
artzin,2026 Santiago,Santiago,2,1730,36.02
Minny,2026 Santiago,Santiago,2,1694,35.27
jawgemo,2026 Santiago,Santiago,2,1665,34.67
trent,2026 Santiago,Santiago,2,1654,34.44
mada,2026 Santiago,Santiago,2,1652,34.4
valyn,2026 Santiago,Santiago,2,1402,29.19
Xross,2026 Santiago,Santiago,2,1262,26.28
Rb,2026 Santiago,Santiago,2,1216,25.32
nerve,2026 Santiago,Santiago,2,1214,25.28
eeiu,2026 Santiago,Santiago,2,1152,23.99
stax,2026 Santiago,Santiago,2,1115,23.21
Crewen,2026 Santiago,Santiago,2,1096,22.82
leaf,2026 Santiago,Santiago,2,1059,22.05
wayne,2026 Santiago,Santiago,2,984,20.49
Lar0k,2026 Santiago,Santiago,2,926,19.28
Jinggg,2026 Santiago,Santiago,2,903,18.8
nAts,2026 Santiago,Santiago,2,888,18.49
Munchkin,2026 Santiago,Santiago,2,831,17.3
nobody,2026 Santiago,Santiago,2,814,16.95
bipo,2026 Santiago,Santiago,2,760,15.82
CHICHOO,2026 Santiago,Santiago,2,670,13.95
Smoggy,2026 Santiago,Santiago,2,636,13.24
alym,2026 Santiago,Santiago,2,632,13.16
Francis,2026 Santiago,Santiago,2,620,12.91
lovers rock,2026 Santiago,Santiago,2,600,12.49
iZu,2026 Santiago,Santiago,2,541,11.26
Loita,2026 Santiago,Santiago,2,511,10.64
something,2026 Santiago,Santiago,2,477,9.93
Dambi,2026 Santiago,Santiago,2,453,9.43
koalanoob,2026 Santiago,Santiago,2,433,9.02
WsLeo,2026 Santiago,Santiago,2,401,8.35
happywei,2026 Santiago,Santiago,2,399,8.31
purp0,2026 Santiago,Santiago,2,396,8.24
Lysoar,2026 Santiago,Santiago,2,374,7.79
Shr1mp,2026 Santiago,Santiago,2,354,7.37
MiniBoo,2026 Santiago,Santiago,2,345,7.18
kamo,2026 Santiago,Santiago,2,327,6.81
Meteor,2026 Santiago,Santiago,2,248,5.16
au1,2026 Santiago,Santiago,2,210,4.37
ZmjjKK,2026 Santiago,Santiago,2,206,4.29
K1ra,2026 Santiago,Santiago,2,146,3.04
iamgrq,2026 Santiago,Santiago,2,141,2.94
Rarga,2026 Santiago,Santiago,2,126,2.62
NoMan,2026 Santiago,Santiago,2,116,2.42
cb,2026 Santiago,Santiago,2,116,2.42
f4ngeer,2026 Santiago,Santiago,2,94,1.96
BuZz,2026 Santiago,Santiago,2,81,1.69
Ivy,2026 Santiago,Santiago,3,4650,100.0
d4v41,2026 Santiago,Santiago,3,4638,99.74
Ethan,2026 Santiago,Santiago,3,3898,83.83
skuba,2026 Santiago,Santiago,3,3499,75.25
Keiko,2026 Santiago,Santiago,3,3369,72.45
invy,2026 Santiago,Santiago,3,2940,63.23
Xross,2026 Santiago,Santiago,3,2745,59.03
mada,2026 Santiago,Santiago,3,2618,56.3
starxo,2026 Santiago,Santiago,3,2364,50.84
jawgemo,2026 Santiago,Santiago,3,2170,46.67
f0rsakeN,2026 Santiago,Santiago,3,2117,45.53
BABYBAY,2026 Santiago,Santiago,3,2054,44.17
Rb,2026 Santiago,Santiago,3,2015,43.33
brawk,2026 Santiago,Santiago,3,1899,40.84
marteen,2026 Santiago,Santiago,3,1768,38.02
trent,2026 Santiago,Santiago,3,1762,37.89
RosÃ©,2026 Santiago,Santiago,3,1327,28.54
GLYPH,2026 Santiago,Santiago,3,1316,28.3
valyn,2026 Santiago,Santiago,3,1297,27.89
leaf,2026 Santiago,Santiago,3,1191,25.61
Jinggg,2026 Santiago,Santiago,3,1143,24.58
Francis,2026 Santiago,Santiago,3,1129,24.28
nerve,2026 Santiago,Santiago,3,1120,24.09
artzin,2026 Santiago,Santiago,3,1082,23.27
Dambi,2026 Santiago,Santiago,3,1031,22.17
stax,2026 Santiago,Santiago,3,1000,21.51
something,2026 Santiago,Santiago,3,900,19.35
wayne,2026 Santiago,Santiago,3,895,19.25
nAts,2026 Santiago,Santiago,3,836,17.98
Minny,2026 Santiago,Santiago,3,826,17.76
nobody,2026 Santiago,Santiago,3,802,17.25
Munchkin,2026 Santiago,Santiago,3,747,16.06
eeiu,2026 Santiago,Santiago,3,684,14.71
Crewen,2026 Santiago,Santiago,3,604,12.99
CHICHOO,2026 Santiago,Santiago,3,589,12.67
Smoggy,2026 Santiago,Santiago,3,572,12.3
iZu,2026 Santiago,Santiago,3,498,10.71
bipo,2026 Santiago,Santiago,3,401,8.62
happywei,2026 Santiago,Santiago,3,373,8.02
Lar0k,2026 Santiago,Santiago,3,364,7.83
WsLeo,2026 Santiago,Santiago,3,364,7.83
alym,2026 Santiago,Santiago,3,364,7.83
purp0,2026 Santiago,Santiago,3,356,7.66
Lysoar,2026 Santiago,Santiago,3,331,7.12
MiniBoo,2026 Santiago,Santiago,3,315,6.77
kamo,2026 Santiago,Santiago,3,299,6.43
au1,2026 Santiago,Santiago,3,257,5.53
lovers rock,2026 Santiago,Santiago,3,249,5.35
Shr1mp,2026 Santiago,Santiago,3,246,5.29
koalanoob,2026 Santiago,Santiago,3,246,5.29
Meteor,2026 Santiago,Santiago,3,229,4.92
iamgrq,2026 Santiago,Santiago,3,198,4.26
Loita,2026 Santiago,Santiago,3,193,4.15
ZmjjKK,2026 Santiago,Santiago,3,193,4.15
cb,2026 Santiago,Santiago,3,142,3.05
K1ra,2026 Santiago,Santiago,3,130,2.8
Rarga,2026 Santiago,Santiago,3,116,2.49
NoMan,2026 Santiago,Santiago,3,104,2.24
BuZz,2026 Santiago,Santiago,3,70,1.51
f4ngeer,2026 Santiago,Santiago,3,61,1.31
